native_date,bright_hours,ac_max_w,ac_median_w,dc_max_w,dc_median_w,dc_v_median,poa_median,module_sentinel_fraction,all_observed_bright_ac_below_10w
2016-01-01,8,849.0177500000001,722.0179966666667,911.5902083333333,775.470145,261.65156833333333,864.6746741666667,0.0,False
2016-01-02,8,845.2131783333333,713.9529616666666,910.1231016666667,767.7413333333334,257.55971999999997,861.0295958333334,0.0,False
2016-01-03,8,808.3948866666667,683.1422291666667,870.298915,736.0358558333334,255.65810333333332,822.7307041666667,0.0,False
2016-01-04,8,801.3820483333333,652.5048558333333,862.9725500000001,703.44037,258.7991783333333,771.4107575,0.0,False
2016-01-05,8,830.3603949999999,673.1773450000001,894.9441883333333,726.6097924999999,257.8205025,803.5379016666666,0.0,False
2016-01-06,8,799.3621783333333,531.8258816666666,860.68596,574.2032741666667,262.30455166666667,622.2156633333334,0.0,False
2016-01-07,4,427.11895999999996,355.32560333333333,461.5017066666667,385.84669333333335,267.1725233333333,410.8707333333333,0.0,False
2016-01-08,3,13.771999716666667,6.5036771,21.69010666666667,14.116991166666667,190.52764666666664,213.68748833333333,0.0,False
2016-01-09,8,845.476455,458.89692583333334,907.8147216666667,495.2351166666666,268.57301333333334,667.6103316666668,0.0,False
2016-01-10,8,860.691975,725.7058383333333,924.3980366666667,779.0086991666667,261.96610499999997,851.4126808333333,0.0,False
2016-01-11,8,776.6132433333333,492.1562808333333,836.8035566666666,531.5735158333333,266.1583283333333,569.4660266666667,0.0,False
2016-01-12,7,863.368075,509.43239166666666,929.6270933333333,548.96223,264.5015466666667,608.7877833333333,0.0,False
2016-01-13,6,847.1922033333334,540.8371775,914.1401083333333,585.152515,260.1835091666667,643.2476941666666,0.0,False
2016-01-14,8,884.3483183333334,743.9571991666667,951.7645966666666,800.2117316666667,266.14065416666665,874.2453175,0.0,False
2016-01-15,6,780.7640183333333,451.01352099999997,837.1199066666667,487.12594,262.6372083333333,527.1184783333333,0.0,False
2016-01-16,8,841.8239183333334,406.25813533333337,904.542055,439.25862091666664,266.1761816666667,483.19889724999996,0.0,False
2016-01-17,8,861.4763816666667,687.0504133333334,926.1061666666667,738.4220316666666,263.28257833333333,804.8178858333333,0.0,False
2016-01-18,6,594.4758783333333,345.74687166666666,641.74357,379.41217916666665,265.9150325,408.5217366666667,0.0,False
2016-01-19,7,850.388515,776.2899683333333,914.4982083333333,833.0731416666666,256.2885133333333,943.9861966666667,0.0,False
2016-01-20,7,721.8287,533.0892633333334,778.8562216666667,574.7376499999999,266.29115333333334,630.4485883333333,0.0,False
2016-01-21,8,856.9370816666667,737.3378916666666,921.8505466666667,793.3028308333334,261.10432000000003,866.6498975,0.0,False
2016-01-22,8,835.3616216666667,583.2735749999999,901.102115,629.9408116666666,255.1064558333333,701.1203741666667,0.0,False
2016-01-23,8,777.54682,465.7925816666667,839.4255850000001,504.61901,258.29931250000004,547.8722,0.0,False
2016-01-24,6,850.40662,688.50702,916.84079,741.7936616666666,259.3466716666667,834.9445591666666,0.0,False
2016-01-25,6,575.4011216666667,523.2173634166667,619.8108233333334,565.0742666666666,264.37435416666665,622.3495633333333,0.0,False
2016-01-26,8,860.270905,731.2607883333333,924.8534683333334,786.2847425,258.7971,873.9455775,0.0,False
2016-01-27,8,841.0114433333333,711.5914266666666,906.8071283333334,767.1168816666667,257.12762583333335,851.47366,0.0,False
2016-01-28,8,840.4172366666667,715.5249983333333,906.19402,771.8504566666666,253.01068416666664,869.3670541666667,0.0,False
2016-01-29,8,872.9332616666667,690.2165996666666,941.5302083333333,743.66671475,257.9035366666667,824.1352390833333,0.0,False
2016-01-30,7,850.3989166666667,581.1455860000001,918.9950483333333,630.7625366666667,252.01676,690.8647266666667,0.0,False
2016-02-02,4,2.1595128016666667,2.1037223441666666,2.638391397,2.466338932416667,231.41355841666666,311.4895775,0.0,True
2016-02-03,9,2.637612916666667,1.1072317506666667,8.897092666666667,6.465412433333333,161.17915666666667,1069.4423083333334,0.0,True
2016-02-04,6,135.84869666666665,28.049391016666668,154.475145,39.7594135,212.366035,641.9782816666666,0.0,False
2016-02-05,9,922.9353716666667,708.4168566666667,993.57781,762.2700516666666,259.4735116666667,829.0617433333333,0.0,False
2016-02-06,7,763.086985,409.4498001666667,821.3023533333333,445.2722945,262.1409433333333,471.7254485,0.0,False
2016-02-07,8,918.2034783333334,651.0882758333332,987.5388666666666,701.2068316666667,267.31787583333335,773.6215833333333,0.0,False
2016-02-08,9,866.1956250000001,706.9641983333333,932.4297833333334,762.495385,256.8069883333333,840.7080866666668,0.0,False
2016-02-09,10,867.5523433333333,667.5963683333334,935.9689183333334,720.5472366666668,250.00596000000002,809.1900691666667,0.0,False
2016-02-10,8,863.7713883333333,723.1933808333333,934.4333916666667,783.1999975,251.29931416666665,898.9739441666667,0.0,False
2016-02-11,8,478.028005,346.7350133333333,520.575555,380.1846033333333,261.39176583333335,423.91205249999996,0.0,False
2016-02-12,9,876.3944233333333,546.9799183333333,946.0498316666667,594.591965,256.436895,667.96689,0.0,False
2016-02-13,8,860.8329183333334,736.4642566666666,930.7928933333334,797.002305,251.5822341666667,911.8015916666666,0.0,False
2016-02-14,8,593.98244,382.10847083333334,643.4257566666668,418.20438333333334,262.2145916666667,453.3960933333333,0.0,False
2016-02-15,8,651.8885466666667,463.70495833333337,704.9451183333333,503.2880858333334,261.77256166666666,555.8901816666666,0.0,False
2016-02-16,9,565.290015,232.80509283333333,610.8623016666667,258.48171383333334,265.294795,288.60585699999996,0.0,False
2016-02-17,8,840.5581016666667,701.8191616666666,908.2086316666666,759.3917208333332,253.81892749999997,863.7669583333334,0.0,False
2016-02-18,10,852.7552716666667,664.0193083333334,923.6668950000001,719.2172966666667,249.55134500000003,815.1354283333333,0.0,False
2016-02-19,10,889.0556799999999,567.6985016666667,961.8172183333334,613.2102691666666,252.78962166666668,700.330755,0.0,False
2016-02-20,10,832.8676633333333,621.4334736666666,900.3453900000001,675.6708675,253.95441666666665,763.0607333333332,0.0,False
2016-02-21,9,847.35546,712.3760149999999,912.617305,768.5772566666667,259.187225,853.5771466666666,0.0,False
2016-02-22,8,693.5584183333334,425.04267,747.0031116666667,462.91765999999996,261.70163249999996,505.4846025,0.0,False
2016-02-23,8,862.5125033333334,417.07483833333333,928.1593833333334,451.55548875,251.82065,911.0226925000001,0.0,False
2016-02-24,9,901.5604133333333,768.182395,972.3323816666667,829.0299466666667,258.231575,907.5935750000001,0.0,False
2016-02-25,10,896.76481,701.4917025,965.753085,755.0352399999999,258.06519333333335,842.6811741666668,0.0,False
2016-02-26,10,882.0151333333334,692.2172091666666,951.8451266666667,747.7679674999999,252.3354541666667,847.9951383333332,0.0,False
2016-02-27,8,832.9792983333333,413.11528250000003,901.5792766666667,450.7339,253.5969225,509.0120825,0.0,False
2016-02-28,9,882.5457783333334,718.4423516666667,953.295895,777.5195683333333,253.14392166666667,876.5100333333334,0.0,False
2016-02-29,8,906.177505,694.67690025,978.8291066666667,752.5882919166665,254.91208,846.46306,0.0,False
2016-03-01,9,707.0685266666667,503.6428755,763.58401,547.3298149999999,261.7671833333333,594.98012,0.0,False
2016-03-02,8,918.736875,707.3636419166667,991.9141683333334,765.2883228333333,259.74773833333336,856.8300428333334,0.0,False
2016-03-03,10,838.5150983333333,424.18014,905.6395733333334,460.4526358333334,258.989355,517.3017508333332,0.0,False
2016-03-04,8,664.6593316666666,336.50500166666666,716.80292,368.855285,259.35898166666664,414.09335666666664,0.0,False
2016-03-05,7,630.2105183333333,262.0149216666667,679.7068416666666,291.7538916666666,259.404945,326.11019166666665,0.0,False
2016-03-06,6,675.1168866666667,486.80207083333335,731.64191,530.6323075,251.75960750000002,608.9131166666666,0.0,False
2016-03-07,5,689.8201133333333,400.87396333333334,744.9890233333333,435.46931333333333,263.1005,471.913805,0.0,False
2016-03-08,8,762.6842383333334,566.5682983333334,823.2504283333333,612.8133816666666,260.13972333333334,702.9247616666667,0.0,False
2016-03-09,6,722.1977366666666,626.3202141666666,778.9810033333334,678.2721799999999,257.5385766666667,783.2316183333334,0.0,False
2016-03-10,10,882.3699383333334,696.1584666666668,953.92589,752.5185491666666,250.6401641666667,859.4850875,0.0,False
2016-03-11,10,870.3636633333333,693.0118208333333,941.8535783333333,750.1306466666667,250.47882916666669,865.7153008333333,0.0,False
2016-03-12,8,789.96299,483.2458383333333,852.8178666666666,525.3673133333333,256.362565,590.114945,0.0,False
2016-03-13,8,724.2894733333334,316.03915916666665,781.6970966666667,348.41521666666665,259.39495583333337,387.68057583333336,0.0,False
2016-03-14,9,908.8988,690.4163566666666,982.0547600000001,745.9215366666667,257.0145766666667,858.7648583333333,0.0,False
2016-03-15,10,917.1330316666666,635.7845141666667,988.7993866666667,684.4946649999999,267.29170250000004,775.5290675,0.0,False
2016-03-16,10,945.5820283333334,724.5778416666667,1019.85252,780.57918,261.29954583333335,879.7021858333334,0.0,False
2016-03-17,2,177.919475,176.04753333333332,199.31088833333334,197.06883416666665,266.8233316666667,212.07069416666667,0.0,False
2016-03-18,7,2.548352625,1.3680122266666668,10.478529,9.469297166666667,162.11363166666666,336.54871,0.0,True
2016-03-19,10,695.544835,232.2921596666667,749.1385816666666,257.2072385,258.6598975,625.7058808333334,0.0,False
2016-03-20,10,911.1789466666667,730.641995,982.7382916666667,787.1362083333333,253.42958666666667,912.3382899999999,0.0,False
2016-03-21,9,817.1508200000001,586.1227433333333,884.99264,637.4551166666666,247.97686333333334,727.4841683333333,0.0,False
2016-03-22,10,845.4580933333333,590.3618875,916.3396883333334,641.8717783333334,248.8586825,750.0417625,0.0,False
2016-03-24,9,434.01282833333335,192.27140833333334,470.4072,214.16685833333335,189.8573595,634.2145949999999,0.0,False
2016-03-25,7,842.6794633333334,549.0892766666667,910.2231416666667,592.3343266666667,265.69586,692.6884266666667,0.0,False
2016-03-26,7,509.92401333333333,360.9435916666667,550.8846133333334,391.28118,269.00931166666663,419.22257833333333,0.0,False
2016-03-27,10,929.9422666666667,742.9244641666667,1003.2520733333333,801.0001883333333,255.2803166666667,931.2685041666666,0.0,False
2016-03-28,9,830.4118883333334,610.9152283333333,898.0406566666667,662.6262116666666,256.1694533333333,744.3791766666667,0.0,False
2016-03-29,8,762.7299833333333,441.7630975,824.8081383333333,478.5402325,253.0103525,541.5875416666667,0.0,False
2016-03-30,7,759.4979166666667,533.2615049999999,817.3291750000001,578.8740583333333,265.46385,662.1674216666667,0.0,False
2016-03-31,5,268.22804333333335,210.164765,294.8263833333333,233.34882166666665,261.99376,289.72317833333335,0.0,False
2016-04-01,10,894.2424316666667,736.6526125,963.9864783333334,792.9727591666667,256.22343333333333,908.5854658333334,0.0,False
2016-04-02,10,885.5661299999999,705.189885,956.9612149999999,761.8881374999999,252.35536916666666,880.55925,0.0,False
2016-04-03,10,900.3286,712.3255441666668,974.9437616666667,770.7155250000001,253.9543175,885.3120591666666,0.0,False
2016-04-04,9,878.453065,573.8015283333333,950.6709933333333,625.7418583333333,246.79207,722.9506383333334,0.0,False
2016-04-05,10,814.0285316666667,447.73816416666665,880.4765,487.91624416666673,259.65916166666665,554.9996208333333,0.0,False
2016-04-06,10,909.590455,726.3973325,984.2080466666666,785.54595,255.69118916666667,896.9009241666666,0.0,False
2016-04-07,10,862.718755,692.3515083333333,932.1990816666668,748.7499916666667,252.0985925,860.8864566666666,0.0,False
2016-04-08,10,787.2070466666667,491.9050716666667,851.2069766666666,534.7746166666666,253.21022333333335,603.0316216666668,0.0,False
2016-04-09,8,792.5955666666666,587.96318,856.6506333333333,641.9740491666666,251.99171666666666,742.9378458333333,0.0,False
2016-04-10,7,746.9948766666668,233.26948333333334,808.3818016666667,261.25432166666667,256.5683466666667,277.94920333333334,0.0,False
2016-04-11,7,676.641325,489.7534616666666,731.10045,532.455,259.2942366666667,591.0851533333333,0.0,False
2016-04-12,8,894.7479733333333,629.4526766666667,968.0675083333333,682.5067425,250.04640583333332,803.8526066666666,0.0,False
2016-04-13,9,762.8304083333334,504.5226083333334,827.4838450000001,547.3557416666666,248.63864,649.1947533333333,0.0,False
2016-04-14,9,809.7659116666667,538.6947533333333,876.67296,587.1521033333333,252.54189499999998,669.65911,0.0,False
2016-04-15,4,297.33471333333335,224.66217666666665,326.7750766666667,251.42355583333335,261.13324666666665,281.36063916666666,0.0,False
2016-04-17,6,2.595625216666667,2.0233641674166667,10.1522382,6.0691109025,186.53541,593.8287425,0.0,True
2016-04-18,7,739.8869516666667,394.98402333333337,799.1022133333333,432.10988,251.27840833333332,479.8730616666666,0.0,False
2016-04-19,9,844.8169300000001,637.4682516666667,910.8934816666666,690.2715900000001,255.32500166666665,809.98681,0.0,False
2016-04-20,10,610.8245316666666,464.78000175,659.27235,504.73898583333334,258.0331883333333,573.5858816666666,0.0,False
2016-04-21,10,842.443515,680.75665,910.6448133333334,736.6616325,251.351725,855.7057333333333,0.0,False
2016-04-22,10,835.82268,590.9849783333334,905.2341266666666,639.9224391666667,248.18172499999997,765.2154991666666,0.0,False
2016-04-23,7,781.9527949999999,417.7154268333333,846.9592433333333,461.54448666666667,256.0259316666667,523.0772783333333,0.0,False
2016-04-24,8,502.4510656666667,316.43587449999995,546.4494166666666,347.9068324166667,256.1396975,398.97644291666666,0.0,False
2016-04-25,9,827.2657816666667,611.1482516666667,894.9480866666667,663.1764949999999,251.04993166666665,799.9652000000001,0.0,False
2016-04-26,3,353.9889396666667,288.38850766666667,387.42107500000003,318.49331233333334,259.49915500000003,401.28759166666663,0.0,False
2016-04-27,10,713.1794699999999,411.65351,771.9035,449.31273250000004,257.68726833333335,511.32981500000005,0.0,False
2016-04-30,4,35.50127066666666,12.774220629166667,46.853231,21.147229416666665,213.33757333333335,304.22777833333333,0.0,False
2016-05-01,4,241.76829666666666,211.45624083333334,265.9824566666667,234.87294916666667,269.9669366666667,248.15276583333332,0.0,False
2016-05-02,10,848.1265216666667,684.9731808333333,915.129045,739.2276850000001,252.26061499999997,856.9458833333333,0.0,False
2016-05-03,10,847.8669216666666,681.0401766666666,916.5511383333334,737.0214591666668,254.54543166666667,848.4491691666667,0.0,False
2016-05-04,10,815.266035,660.6227441666667,882.9808233333333,716.41832,250.2212591666667,835.2165908333334,0.0,False
2016-05-05,10,814.4829933333333,625.2515916666666,883.3024866666667,679.7572675,245.94392,802.3099675000001,0.0,False
2016-05-06,9,642.518435,447.1792083333333,697.0044116666667,489.754955,251.61677333333333,565.203125,0.0,False
2016-05-07,1,211.45149833333335,211.45149833333335,235.876005,235.876005,262.944485,255.55154166666668,0.0,False
2016-05-08,7,724.8750183333334,365.5995683333333,784.3641183333333,398.84493833333335,258.09033,453.1106383333333,0.0,False
2016-05-09,10,755.0148883333334,474.7493075,816.3063583333334,518.2296566666666,254.23624999999998,601.7224450000001,0.0,False
2016-05-10,9,669.4755766666666,343.0287166666667,725.9960383333333,376.29505666666665,252.09194666666664,438.48319333333336,0.0,False
2016-05-11,10,751.1487833333334,421.05499083333336,812.8538333333333,459.6242066666666,256.658435,543.5769908333333,0.0,False
2016-05-12,10,815.6162633333333,654.8694641666666,883.4625,709.2300508333333,248.80919583333332,829.2739633333333,0.0,False
2016-05-13,10,825.29407,611.9901891666666,894.74149,664.0143175000001,252.13034249999998,765.7135591666666,0.0,False
2016-05-14,5,270.12588866666664,225.79652016666665,298.79806733333334,251.55670266666667,259.78937666666667,273.9172918333333,0.0,False
2016-05-15,6,478.65483,276.1583008333333,519.1078316666667,304.79387916666667,263.0715675,317.6761641666667,0.0,False
2016-05-17,1,214.20649666666668,214.20649666666668,238.5106273333333,238.5106273333333,263.6884483333333,257.36942933333336,0.0,False
2016-05-18,9,812.45779,660.9945366666667,878.2275683333334,713.33892,252.40746833333333,844.6003383333334,0.0,False
2016-05-19,10,771.5222083333333,544.9963525000001,836.602605,594.0945158333334,247.2368641666667,689.424325,0.0,False
2016-05-20,10,749.034495,486.1177825,811.6040433333333,529.8735975,247.44678333333331,623.2852466666666,0.0,False
2016-05-21,10,782.0172533333333,578.7381591666667,848.7476483333334,630.5005391666667,247.30961,743.3081708333333,0.0,False
2016-05-22,9,799.55462,648.4894316666666,866.8225533333333,701.920425,250.90545500000002,833.7960333333334,0.0,False
2016-05-23,7,732.9276983333333,471.0248866666667,790.94247,514.5332366666667,258.04916833333334,599.1065483333333,0.0,False
2016-05-24,10,751.6409283333334,504.6914508333333,813.6206216666667,549.1679641666667,250.17653833333333,640.3069,0.0,False
2016-05-25,10,768.281875,437.95156166666663,833.5209916666666,478.0085158333333,251.24782750000003,555.8769016666666,0.0,False
2016-05-26,4,488.13357666666667,371.23391416666664,532.310505,406.50609583333335,252.96319166666666,498.64352916666667,0.0,False
2016-05-27,8,611.8491183333333,406.4636058333333,661.9148183333333,444.29110000000003,258.56056666666666,484.4250116666667,0.0,False
2016-05-28,10,660.3091366666666,446.41518583333334,717.9788633333334,488.4574125,251.99222000000003,571.9157466666668,0.0,False
2016-05-29,8,753.6255266666667,546.8004633333334,816.772355,594.4443116666666,247.20383583333336,703.218725,0.0,False
2016-05-30,9,702.7671033333334,483.03358833333334,764.5818983333334,526.405945,245.24139666666667,634.7898083333333,0.0,False
2016-05-31,10,759.0676216666667,413.4005658333333,822.129425,452.60183083333334,254.04029833333334,519.7659975,0.0,False
2016-06-01,10,791.877795,635.3075991666667,858.1042983333333,688.7158608333334,248.89148833333334,801.6226183333333,0.0,False
2016-06-02,10,766.0557566666666,586.7814183333334,830.7758666666667,638.1754675,243.75630999999998,757.1377683333334,0.0,False
2016-06-03,10,737.3744716666666,564.5971616666667,799.7377633333333,614.8452925,247.66646166666666,719.5256616666667,0.0,False
2016-06-04,10,771.2613116666666,615.8948666666666,836.0304033333334,668.9688349999999,247.4393425,786.4092391666667,0.0,False
2016-06-05,10,758.3167583333333,596.9602166666666,822.293485,649.1881608333333,243.99297916666666,771.7328308333333,0.0,False
2016-06-06,8,758.2765683333333,586.0581191666668,823.073175,638.7163758333334,242.51249583333333,763.5973675,0.0,False
2016-06-07,8,704.4360949999999,452.60256666666663,763.7726550000001,495.08627333333334,246.29691666666668,576.807245,0.0,False
2016-06-08,9,736.1708299999999,519.0418866666666,798.4306633333333,567.6250466666667,245.13145333333333,661.93638,0.0,False
2016-06-09,9,729.18704,600.1193766666668,792.0769116666667,652.9533100000001,242.15231333333335,793.2330033333333,0.0,False
2016-06-10,11,713.6825216666667,444.77934666666664,775.7547500000001,486.94257333333337,240.77557333333334,599.6194566666667,0.0,False
2016-06-11,10,753.0244233333334,595.8098200000001,817.2798750000001,648.7734125,242.27405083333335,774.5092233333334,0.0,False
2016-06-12,8,738.8460866666667,586.8156775,802.214185,640.0483666666667,240.91945833333332,758.0899158333333,0.0,False
2016-06-13,7,735.1310833333333,497.19069666666667,797.5512283333334,539.9244116666666,248.45957166666668,609.2365083333333,0.0,False
2016-06-14,10,791.66193,628.0539508333334,858.6500316666667,682.0180083333333,248.7177675,797.7576200000001,0.0,False
2016-06-15,10,759.8378799999999,603.3169350000001,825.1611150000001,656.4274458333334,240.5310475,787.268885,0.0,False
2016-06-16,10,753.33987,597.2212683333333,818.4726766666666,650.7929508333333,242.97226916666665,778.1119441666667,0.0,False
2016-06-17,10,745.4952366666668,593.0022658333332,809.9124883333334,645.6342983333334,243.31686583333334,766.5076433333334,0.0,False
2016-06-18,10,720.8970416666667,580.7043683333334,782.7624633333332,631.9371333333333,240.85294666666667,751.3041191666666,0.0,False
2016-06-19,10,737.1641249999999,589.0414349999999,802.1441566666667,641.8661383333333,239.5435308333333,777.5425025,0.0,False
2016-06-20,5,707.1123200000001,470.54273333333333,767.8036783333333,514.9182216666667,254.149065,605.0728466666666,0.0,False
2016-06-21,9,699.5036183333334,576.9141866666666,761.0960183333334,629.7236933333334,238.94468,752.236575,0.0,False
2016-06-22,7,598.4583716666667,295.1556466666667,649.86311,330.11297666666667,245.90753166666667,368.9846616666666,0.0,False
2016-06-23,9,633.7249016666666,304.004102,690.1452750000001,338.80212016666667,243.126145,382.864503,0.0,False
2016-06-24,8,594.847765,367.40240083333333,647.9388733333333,406.24211583333334,245.45153249999998,476.87483499999996,0.0,False
2016-06-25,9,701.3711000000001,448.35234,761.3161516666667,492.23765,243.31111333333334,567.4534016666668,0.0,False
2016-06-26,10,746.51708,594.0421033333334,810.6979200000001,646.4723558333334,242.57517416666667,770.9364466666668,0.0,False
2016-06-27,10,739.2494383333334,593.2989366666667,802.9707766666667,646.1919358333333,242.38977,770.7994883333333,0.0,False
2016-06-28,10,720.9049416666668,508.72345083333335,783.07679,555.9758891666667,244.15260666666666,662.8963808333333,0.0,False
2016-06-29,9,741.9616483333334,434.09682499999997,806.2921533333333,474.6832733333333,245.10496333333333,574.9095316666667,0.0,False
2016-06-30,7,462.869865,286.3842716666667,505.1862566666667,319.1511816666667,252.12347,353.36114333333336,0.0,False
2016-07-01,6,487.01845,302.6127706666666,530.62584,335.93757475,250.29940083333332,371.62375025,0.0,False
2016-07-02,8,611.4684233333334,307.6529066666667,663.6704333333333,340.60068583333333,250.92352916666667,378.9545283333333,0.0,False
2016-07-03,9,781.1065883333334,388.263445,847.8009133333333,430.36959,242.7763733333333,494.95365000000004,0.0,False
2016-07-04,10,696.9932783333334,443.0407016666667,756.7793233333334,486.07389333333333,242.9657575,575.6751925,0.0,False
2016-07-05,10,766.44688,487.96919333333335,831.9839116666667,534.2415491666666,241.3802675,639.9675016666666,0.0,False
2016-07-06,10,516.408761,407.82280416666663,564.0899115,451.1312108333333,244.3665208333333,532.690605,0.0,False
2016-07-07,10,751.5762599999999,601.2901233333333,816.2148966666666,654.667495,244.66315749999998,773.968515,0.0,False
2016-07-08,10,594.3777566666666,372.64756775,647.7294766666668,411.7491416666667,247.1681375,491.1782575,0.0,False
2016-07-09,10,743.3003166666666,535.3295674999999,808.955265,587.03376,238.68981583333334,708.0684566666666,0.0,False
2016-07-10,10,722.1200983333333,538.8107523333333,786.5820283333334,589.8333241666667,238.39654166666668,712.3163225000001,0.0,False
2016-07-11,10,759.7807416666667,556.6921508333334,824.6017216666667,606.8560933333333,246.29641916666665,718.1690116666666,0.0,False
2016-07-12,10,757.8517883333334,602.1310658333333,823.1464566666667,655.2484891666666,243.16967083333333,783.7722808333333,0.0,False
2016-07-13,10,762.6302433333333,599.6174141666668,828.7791149999999,653.352255,242.97272750000002,777.6235391666667,0.0,False
2016-07-14,10,758.3024499999999,564.172965,823.1535166666667,614.5416224999999,245.77371333333335,726.3440866666667,0.0,False
2016-07-15,10,660.7913433333334,335.2574025,719.2204516666666,373.60402999999997,246.55917666666664,433.454395,0.0,False
2016-07-16,10,610.3622783333334,465.4469683333333,663.3263766666666,509.26777500000003,243.6658316666667,614.7280841666667,0.0,False
2016-07-17,8,795.92441,509.95911083333334,865.31348,556.4453866666666,240.5875375,677.5601808333333,0.0,False
2016-07-18,9,571.4654883333334,460.80658,621.3298083333334,506.19197833333334,243.96486166666668,584.6687949999999,0.0,False
2016-07-19,9,717.3875483333334,531.9998166666667,780.4328233333333,583.7244833333333,241.72758333333334,704.631115,0.0,False
2016-07-20,7,742.461475,454.7985933333333,807.16654,501.80810333333335,238.63139833333335,601.8344766666667,0.0,False
2016-07-21,8,740.9281683333334,447.5300383333333,806.0515350000001,491.7886741666666,240.19026250000002,597.0995633333333,0.0,False
2016-07-22,9,666.9540583333333,437.351225,725.0134233333333,479.86675833333334,240.08395833333333,589.0877883333334,0.0,False
2016-07-23,9,718.2847399999999,429.2162833333333,782.6799850000001,471.03128833333335,238.60428666666667,579.67286,0.0,False
2016-07-24,10,709.6119783333332,392.4946616666666,769.9356516666667,432.42671333333334,245.5336325,506.7773891666666,0.0,False
2016-07-25,10,755.061505,564.0390516666666,819.7043900000001,615.275605,245.17136166666668,725.9781458333333,0.0,False
2016-07-26,8,563.40796,261.65086916666667,615.5186466666667,294.08965666666666,246.99576916666666,347.56834333333336,0.0,False
2016-07-27,10,756.766925,607.2294308333333,821.9536599999999,661.016165,243.02593583333334,784.0962641666666,0.0,False
2016-07-28,10,770.5658083333333,522.9461483333333,837.677355,570.2373,246.41807416666666,680.1071416666666,0.0,False
2016-07-29,10,685.1661683333333,498.97992666666664,745.3957516666667,546.2136375,244.96412166666664,637.2335208333334,0.0,False
2016-07-30,10,761.4363616666667,493.00552416666665,826.1189933333334,540.6282025,241.42098833333336,634.0106841666666,0.0,False
2016-07-31,5,606.4627016666667,337.72305,660.6999033333334,373.89956166666667,244.76644,411.0862266666666,0.0,False
2016-08-01,10,774.32344,521.22035,842.1679183333333,569.0426533333333,240.75932333333333,691.8553274999999,0.0,False
2016-08-02,9,757.99683,540.0187633333333,823.888865,590.9872933333334,242.83718166666668,697.97296,0.0,False
2016-08-03,10,749.1569966666667,477.9378691666667,814.4030783333333,523.8609958333334,240.528905,630.158455,0.0,False
2016-08-04,7,626.565125,446.1636,680.1625633333333,487.13962,251.84730833333333,565.351535,0.0,False
2016-08-05,6,476.07032833333335,240.0001041666667,519.53863,270.09313583333335,253.19079416666668,294.3374758333333,0.0,False
2016-08-06,7,557.95046,411.5534183333333,607.4049016666667,451.9114666666666,247.78169666666665,512.9408933333333,0.0,False
2016-08-07,10,767.7113283333333,572.9929666666667,833.4538333333334,625.9851424999999,241.13458833333334,742.6570783333333,0.0,False
2016-08-08,9,716.8658350000001,451.8995766666667,779.2264733333334,494.178565,244.00168666666667,600.0192683333333,0.0,False
2016-08-09,9,781.6223266666667,647.5181283333333,850.0112933333334,705.9193016666667,240.05835333333334,833.6396866666668,0.0,False
2016-08-10,9,746.5089933333333,454.5123633333333,810.8595,497.4424216666667,242.60308500000002,608.6803116666667,0.0,False
2016-08-11,9,792.87834,567.2173248333334,861.4519233333334,619.5383501666668,241.99331166666667,726.9108066666666,0.0,False
2016-08-12,10,785.0580733333334,624.4272983333333,851.4852266666666,678.8622183333333,247.00196416666668,793.4379216666666,0.0,False
2016-08-13,10,810.4473816666667,643.3368208333334,880.4488299999999,699.9947466666667,244.44773583333333,829.7929008333333,0.0,False
2016-08-14,10,793.2428433333333,629.3868741666666,860.9944083333334,684.3009741666667,241.9437225,817.0874091666667,0.0,False
2016-08-15,9,750.3703499999999,451.13155333333333,815.1248533333332,494.08639000000005,241.84684000000001,597.9651883333333,0.0,False
2016-08-16,10,750.0160616666667,615.9354966666667,815.60542,672.1995983333333,240.5489725,794.7306675,0.0,False
2016-08-17,9,793.0147300000001,637.3258166666667,861.0925333333333,693.9636566666667,241.5701116666667,809.7793933333334,0.0,False
2016-08-18,7,692.2954766666667,453.23777333333334,753.1758366666667,496.05924,245.07316666666665,594.8633666666667,0.0,False
2016-08-19,8,787.159865,604.2108691666666,853.0058016666667,656.81393,245.51809333333335,772.6900725,0.0,False
2016-08-20,10,808.0084366666667,645.1559133333333,875.1334433333334,699.2106108333334,248.52381166666666,812.7804575,0.0,False
2016-08-21,9,804.728515,645.5548,873.2392733333332,700.4654633333333,243.146075,843.29312,0.0,False
2016-08-22,9,727.3806633333334,362.19855666666666,790.8694416666666,399.2317166666667,244.63002333333333,466.73798999999997,0.0,False
2016-08-23,6,468.106235,299.1857091666667,511.786025,333.36069499999996,249.05517500000002,404.74870666666664,0.0,False
2016-08-24,3,397.12681,294.04785,434.26263166666666,325.587045,258.9801233333333,345.3967566666667,0.0,False
2016-08-25,8,781.2971316666667,455.23138716666665,845.8821133333333,496.0612125,249.36868583333333,577.45706,0.0,False
2016-08-26,9,728.769105,613.8205346666667,788.7611533333333,668.9533868333333,243.58846499999999,785.9915149999999,0.0,False
2016-08-27,10,837.7606366666666,570.9485241666666,908.783875,623.4096491666667,244.47778416666665,737.9652783333333,0.0,False
2016-08-28,7,809.52612,430.14475500000003,877.70336,472.12341333333336,242.99109666666666,537.1163583333333,0.0,False
2016-08-29,5,803.83096,546.778295,871.50368,597.127735,246.82795333333334,702.1368916666667,0.0,False
2016-08-30,9,808.8525583333334,648.0816283333334,876.88798,702.8662566666667,244.23369499999998,838.5795899999999,0.0,False
2016-08-31,10,839.94171,611.9704466666667,910.0592166666667,664.7571366666667,246.0681375,776.274545,0.0,False
2016-09-01,9,800.7638083333334,633.2891816666667,867.68929,686.4251316666666,242.17779000000002,815.2164316666666,0.0,False
2016-09-02,8,724.7637316666667,372.22074525,788.498575,409.89174875,246.21059166666663,460.05722425,0.0,False
2016-09-03,8,783.7558666666666,407.22729000000004,850.7530616666667,446.9740675,242.85830916666666,545.1532616666667,0.0,False
2016-09-04,10,711.2894483333333,453.7834249166666,772.659125,499.52854333333335,246.05584583333336,585.93492,0.0,False
2016-09-05,9,824.317265,674.35929,894.9389,731.2004683333333,240.352445,876.4229666666666,0.0,False
2016-09-06,7,642.4564883333334,493.16397666666666,698.7662266666666,537.76754,246.31403333333336,636.4545666666667,0.0047619047619047615,False
2016-09-07,10,676.98714,370.2634325,733.0009683333334,408.31976166666664,250.00842916666664,464.3989958333333,0.0,False
2016-09-08,10,823.5255333333333,639.225309,894.605555,695.7986684916666,247.76892416666666,843.5960816666666,0.0,False
2016-09-09,10,831.8779,638.7637433333333,902.4646733333334,694.42659,250.55550499999998,799.5992233333334,0.0,False
2016-09-10,10,835.1914466666666,661.46692,905.7509033333333,718.5870191666667,247.52929916666665,840.1536666666666,0.0,False
2016-09-11,6,821.0181749999999,744.7935033333333,892.7329733333333,809.9520208333333,241.38244083333333,970.1784883333333,0.0,False
2016-09-12,10,811.2720333333333,441.86261666666667,880.4880633333333,484.1690991666667,252.18618500000002,557.3995533333333,0.0,False
2016-09-13,3,296.23158666666666,209.9957533333333,327.49406,236.07346833333335,261.69561,260.91175899999996,0.0,False
2016-09-14,9,846.08438,679.9788649999999,918.8038833333334,736.3369583333333,246.96669500000002,849.596255,0.0,False
2016-09-15,9,702.4289200000001,498.9116016666667,761.6869666666666,546.3650333333334,251.40501,635.3145000000001,0.0,False
2016-09-16,10,834.1869166666667,661.1058566666666,904.74445,717.731455,251.46862083333332,825.535935,0.0,False
2016-09-17,10,800.0438333333333,540.1042853333333,868.27089,590.0060058333333,246.79399833333335,692.159915,0.0,False
2016-09-18,10,827.7297483333333,634.3925058333334,899.777195,691.6662708333333,244.36551000000003,812.6049600000001,0.0,False
2016-09-19,9,820.5894266666667,674.0285416666667,891.7529916666666,733.2780116666667,243.41835666666665,879.0860416666667,0.0,False
2016-09-20,7,674.8117166666667,367.44384166666663,735.2107,407.22647166666667,247.6597416666667,452.34716166666664,0.0,False
2016-09-21,10,381.02549833333336,250.69903883333333,418.9864216666667,281.6712655,249.9682325,329.5859733333333,0.0,False
2016-09-22,9,683.86789,520.8672760000001,742.8545033333334,570.204225,252.76247666666669,650.2229083333333,0.0,False
2016-09-23,10,845.669065,474.56317083333334,918.9460066666667,520.5017666666668,248.70836166666666,610.5817483333334,0.0,False
2016-09-24,9,852.65657,500.39357850000005,925.4454416666666,551.0458233333334,252.01175333333333,654.0981383333333,0.0,False
2016-09-25,10,855.8091483333334,676.7633333333333,926.0318316666667,733.6697933333334,253.5212675,841.9928916666667,0.0,False
2016-09-26,10,839.780745,659.9254658333334,911.0646816666666,716.96771,249.16108,832.8382408333333,0.0,False
2016-09-27,10,829.4093583333332,653.4965824999999,900.2781016666667,710.4530975,245.29293833333332,832.959875,0.0,False
2016-09-28,10,829.3279633333333,642.0310925,900.2053833333333,698.5163608333334,247.42341666666667,814.5052566666666,0.0,False
2016-09-29,10,822.850495,621.3211408333333,893.3423483333333,675.9670516666667,248.20574916666664,787.623325,0.0,False
2016-09-30,5,364.974835,308.17799833333333,403.49258000000003,342.0412216666667,255.972955,381.04142666666667,0.0,False
2016-10-01,10,833.0190166666667,482.29452849999996,904.2224716666666,527.5093146666667,245.99681333333334,614.29115,0.0,False
2016-10-02,9,780.1332966666666,660.0076833333334,846.628675,719.8626,246.74025833333332,867.1829683333333,0.0,False
2016-10-03,10,855.7751499999999,556.06722,929.8218133333334,606.63058,249.70436666666666,712.3068058333333,0.0,False
2016-10-04,10,878.165235,697.07357,949.6821233333334,754.2813533333333,258.46605166666666,854.7817975,0.0,False
2016-10-05,8,724.0952066666666,523.5659483333334,782.8834449999999,569.2031766666666,254.90964416666668,662.75938,0.0,False
2016-10-06,8,626.8954150000001,323.10280116666667,678.3962933333333,356.474045,262.2080575,390.74869749999993,0.0,False
2016-10-07,9,878.55122,709.9711516666666,950.8988916666666,767.37492,250.31971333333334,902.4414016666667,0.0,False
2016-10-08,9,842.3227333333333,713.7905433333333,913.6037066666667,772.868455,249.94425166666667,912.3714383333333,0.0,False
2016-10-09,8,740.1590416666667,520.4290183333333,802.981995,565.8646225,249.17678083333334,653.35312,0.0,False
2016-10-10,9,857.804305,584.534985,931.200815,638.1221033333334,248.09814999999998,714.6784333333333,0.0,False
2016-10-11,9,792.9227383333333,490.2799166666666,860.8789566666667,538.1701516666667,249.32323666666667,614.62784,0.0,False
2016-10-13,8,824.2782083333333,632.655378975,894.5806883333333,688.0668490916667,248.96863583333334,804.6624014166666,0.0,False
2016-10-14,8,621.9918033333332,340.1720866666667,677.0898500000001,378.07235249999997,251.76033166666667,419.6011441666667,0.0,False
2016-10-15,9,837.0344483333333,634.63234,909.4873433333333,693.0026033333332,245.17808333333332,799.8745633333333,0.0,False
2016-10-16,9,823.8071216666667,677.70123,896.153095,735.91693,241.94939833333333,879.555165,0.0,False
2016-10-17,9,831.2235866666667,695.3604383333333,902.0981400000001,752.9799916666667,253.341755,878.2431216666666,0.0,False
2016-10-18,9,693.6862416666667,519.0984133333334,749.6810266666668,561.9524833333332,254.61003,647.3768533333333,0.0,False
2016-10-19,9,887.007185,715.2173733333333,960.9277316666667,773.0871016666666,256.25122666666664,894.0242966666666,0.0,False
2016-10-20,9,860.2358716666666,731.86537,929.6799,789.6245066666667,253.42297,908.8723666666666,0.0,False
2016-10-21,8,815.9204649999999,624.6537074999999,885.4057633333334,679.6106950000001,248.57206250000002,775.2239591666666,0.0,False
2016-10-22,9,824.2271666666667,682.5795416666666,894.9026316666666,740.7020866666667,246.2604,881.008185,0.0,False
2016-10-23,9,817.0668266666667,674.5331616666666,885.1945483333333,732.7983966666667,251.67519666666666,831.5522,0.0,False
2016-10-24,9,782.01629,601.2386750000001,849.6452283333333,654.8833950000001,245.24109666666666,757.7863566666667,0.0,False
2016-10-25,5,477.78346866666664,330.5097866666667,522.7378363333333,367.0255433333333,253.330965,421.21381166666663,0.0,False
2016-10-26,9,809.5472233333334,671.0257916666667,877.9860033333333,727.4121833333334,249.3492916666667,852.802705,0.0,False
2016-10-27,9,818.574105,673.2059416666667,888.554075,729.8983316666666,245.41774166666667,869.353,0.0,False
2016-10-28,7,483.52631,337.9840433333333,529.6424983333334,374.2466,250.38591166666666,419.9687666666667,0.0,False
2016-10-29,8,717.7612833333334,446.3392784166666,779.8305583333333,488.65450391666667,249.93612916666666,571.0215055833334,0.0,False
2016-10-30,7,691.1528149999999,306.52599,748.9452033333333,340.463975,251.06257333333332,385.0589483333333,0.0,False
2016-10-31,9,804.5821733333333,679.9832016666667,873.33947,738.3308233333333,248.41810333333333,863.4003716666666,0.0,False
2016-11-01,9,807.9009733333334,490.0425616666667,873.6161649999999,532.1087983333333,250.98653166666665,610.729975,0.0,False
2016-11-02,8,815.6054166666667,612.9163158333333,881.0425983333333,665.5803116666666,253.53079833333334,729.7722083333333,0.0,False
2016-11-03,9,829.3530549999999,683.5811833333333,898.0561799999999,739.4594183333334,249.40265166666669,863.2415583333333,0.0,False
2016-11-04,9,803.795225,672.8340383333333,870.1240166666666,731.1526799999999,246.89522166666666,829.685225,0.0,False
2016-11-05,6,447.748585,336.1246643333333,489.50724499999995,369.76885874999994,253.75709,417.928159,0.0,False
2016-11-06,9,731.1227833333334,594.1679525,792.965265,646.4847045,249.09132499999998,731.334565,0.0,False
2016-11-07,9,811.732,664.6297683333333,878.484525,718.8501,250.89861833333333,823.8747216666667,0.0,False
2016-11-08,9,817.8549116666667,657.8540049999999,884.9526466666666,711.427645,251.05540333333332,824.2273066666668,0.0,False
2016-11-09,9,810.081965,667.74735,877.7399683333333,722.787075,250.20009,839.24389,0.0,False
2016-11-10,9,814.773985,658.4293749999999,883.30938,712.9604733333333,251.80211666666668,825.0969783333334,0.0,False
2016-11-11,9,790.4111350000001,649.241305,854.3027716666667,701.4362766666667,252.625775,801.102285,0.0,False
2016-11-12,9,802.0165016666667,657.314425,868.80086,710.957105,249.985765,819.7410216666667,0.0,False
2016-11-13,6,752.9793283333333,629.6776875,815.5655966666667,684.3772008333333,253.3119458333333,761.5629658333334,0.0,False
2016-11-14,9,810.1140383333334,662.7415983333334,877.7589083333334,718.066325,250.45679333333334,817.5117116666667,0.0,False
2016-11-15,9,803.12471,582.2934018666667,871.4303,632.2923212000001,247.311305,830.9099883333333,0.0,False
2016-11-16,8,794.0634833333334,547.47094475,862.7316416666667,596.8031558333333,250.03168749999998,677.6938933333333,0.0,False
2016-11-18,9,847.0123966666667,347.0022275,910.81695,377.58919266666663,258.3451983333333,896.5773283333333,0.0,False
2016-11-19,9,840.4924916666666,607.1391966666666,904.8352733333334,652.912475,254.95631333333333,725.34119,0.0,False
2016-11-20,7,802.92322,645.49579,869.8309133333333,699.1335816666667,248.190535,795.24645,0.0,False
2016-11-21,6,804.9484316666666,586.9930158333334,870.9072133333334,637.9857466666667,251.00655666666665,719.4803333333334,0.0,False
2016-11-23,9,826.19393,669.8274133333333,891.1074733333334,720.95682,257.27865333333335,815.3610616666666,0.0,False
2016-11-24,9,863.8734883333333,697.0251416666667,930.991575,749.9090683333333,263.6141616666667,833.7524850000001,0.0,False
2016-11-25,9,819.6926216666667,653.9309483333333,886.44441,705.073485,252.46685666666664,806.46909,0.0,False
2016-11-26,8,823.1370933333333,675.69583,889.7733416666667,730.6954450000001,253.7952441666667,837.2829208333334,0.0,False
2016-11-27,6,621.9545266666667,424.97834166666667,673.2165550000001,462.77931916666665,265.4690158333333,502.3639873333334,0.0,False
2016-11-28,5,593.16532,246.81632,639.5260083333334,272.9488866666667,264.70532166666663,294.82291833333335,0.0,False
2016-11-29,7,544.5547666666666,475.80386333333337,587.76837,513.8520316666667,269.567185,561.8629833333333,0.0,False
2016-11-30,9,841.7085566666667,686.7149266666668,906.0181616666666,738.0852816666667,264.5814516666667,822.628715,0.0,False
2016-12-01,7,799.4964349999999,519.4493466666667,860.1654299999999,559.9806516666666,263.2042333333333,609.7936033333333,0.0,False
2016-12-02,2,195.33160166666667,192.3392225,217.11708666666667,214.18423083333334,270.90294166666666,227.10018416666668,0.0,False
2016-12-03,6,653.6403083333333,478.07809083333336,701.8023283333333,517.3240591666666,263.3162425,576.5967575,0.0,False
2016-12-04,9,841.6782316666666,618.6640583333334,908.27298,669.8937549999999,257.21565166666664,721.9429733333333,0.0,False
2016-12-05,8,745.3787649999999,600.7307293333333,805.3240433333334,652.05732775,260.52442499999995,713.9465878333333,0.0,False
2016-12-06,6,670.2711183333333,543.843525,719.3491316666666,584.9681266666666,268.94054083333333,645.5245474999999,0.0,False
2016-12-07,2,7.466206933333334,4.620047630366667,11.787319716666667,9.453665746666667,184.4848975,304.02587525,0.0,True
2016-12-08,8,643.0723733333333,441.6534458333333,686.86742,474.2551608333333,220.75564583333335,910.4936533333333,0.0,False
2016-12-09,8,643.0318383333334,356.4789559166667,693.2030833333333,389.7933688333333,257.1463233333333,499.32845883333334,0.0,False
2016-12-10,5,740.3228799999999,451.07430999999997,799.3142750000001,492.577455,260.83299999999997,531.6289766666666,0.0,False
2016-12-11,5,674.3724216666667,525.7864848333334,726.8862566666667,569.5138979999999,260.925385,541.2939986666667,0.0,False
2016-12-12,7,828.0260983333334,732.0931216666667,891.491615,787.96395,263.75217333333336,883.8340416666667,0.0,False
2016-12-13,7,617.2885769166667,2.7692091999999997,663.8243866333333,0.006623183736833333,1.3978194333333334,851.4370416666666,0.6833333333333333,False
2016-12-14,6,2.8475208333333333,2.802808175,-0.005833996800333334,-0.015815381175,1.4479006416666667,482.7049441666667,1.0,True
2016-12-15,7,2.946910766666667,2.8699369666666663,0.020760100666666666,-0.0012711471483333333,1.3651896716666667,480.68180333333333,1.0,True
2016-12-16,6,2.988185,2.9648244916666666,-0.0007742453366666667,-0.005193790793333333,1.4288114083333334,713.4933016666666,1.0,True
2016-12-17,6,2.8131318833333334,2.7818355416666667,-0.018484826,-0.02031874185,1.4721276333333333,534.84776,1.0,True
2016-12-18,8,2.9792804499999996,2.9157914583333335,0.0003357507043333333,-0.002649779349008675,1.3551072083333333,861.6715274999999,1.0,True
2016-12-19,8,3.0574982333333334,2.985197625,0.014156586566666665,0.009872910625,1.26733785,773.8240575,1.0,True
2016-12-20,7,3.0589712666666666,3.026618216666667,0.024503711833333334,0.01990418085,1.1504430933333334,626.836355,1.0,True
2016-12-21,6,3.0818330166666663,3.04362945,0.0047910322,0.0032918374635000002,1.3066996,442.84740249999993,1.0,True
2016-12-22,5,3.0538909166666666,3.006991216666667,0.007624376983333334,0.00274783284,1.2798303,266.1847833333333,1.0,True
2016-12-23,8,3.11404735,3.063922025,0.01799365545,0.012805153449999999,1.2327093541666667,823.3493716666667,1.0,True
2016-12-24,8,3.1179815333333334,3.0709895750000005,0.015808353283333333,0.011708047824166666,1.227583355,808.4671900000001,1.0,True
2016-12-25,4,3.093983016666667,3.0396192166666665,0.0017369125175,0.0005367619778333334,1.333559055,441.4143885,1.0,True
2016-12-26,8,3.1309042166666665,3.1045110916666667,0.006067534075,0.0023773222958333334,1.2892353583333334,830.9384658333333,1.0,True
2016-12-27,8,3.11241955,3.097789425,0.019483550683333333,0.012043434991666668,1.2129980508333333,809.6243216666667,1.0,True
2016-12-28,8,3.155428166666667,3.109544983333333,0.012710414516666666,0.011264501146666666,1.2119532933333335,564.3756600000002,1.0,True
2016-12-29,8,3.1348869166666664,3.1003072916666667,0.013795303766666666,0.009503327316666667,1.24534555,805.192125,1.0,True
2016-12-30,8,3.1612087833333335,3.11918275,0.02491749116666667,0.019387279833333333,1.1507468308333335,843.8694224999999,1.0,True
2016-12-31,8,3.0612821833333332,3.0279727333333333,0.008892028268333333,-0.00048745711341666663,1.286763815,805.6597125,1.0,True
2017-01-01,7,3.1216016,3.0845872666666665,0.012255040916666666,0.010245370066666667,1.2248257116666668,747.24194,1.0,True
2017-01-02,8,3.1013846333333333,3.0604645166666664,0.014027668299999999,0.007680604579666666,1.2297118866666668,601.5219825,1.0,True
2017-01-03,5,3.0434032,2.9824735833333333,-0.004052174719,-0.0060440366166666665,1.3840412,306.63519833333334,1.0,True
2017-01-06,6,3.0441239666666666,2.955207975,0.00040663133422380165,-0.00600318558325,1.426583425,552.4848991666667,1.0,True
2017-01-07,8,3.1297742333333334,3.074843258333333,0.005112769065,0.0008230681479166667,1.3504742749999998,845.4506383333334,1.0,True
2017-01-08,7,3.124201933333333,3.1193131,0.01751989905,0.015243815683333333,1.2766002733333333,677.84183,1.0,True
2017-01-09,6,3.148366916666667,3.120741016666667,0.019572319,0.016145872883333332,1.2189770775,545.9484616666666,1.0,True
2017-01-10,8,3.1670559333333332,3.125672766666667,0.013333691983333333,0.0095573724735,1.2964551083333333,705.7891691666666,1.0,True
2017-01-11,7,3.1851244666666667,3.1444214333333336,0.016180552783333333,0.012256340206666666,1.2008859166666668,756.3465166666666,1.0,True
2017-01-12,5,3.1328469333333335,3.0758793,0.007257895243333334,0.004813395811666666,1.2614623666666667,340.11434166666663,1.0,True
2017-01-13,8,3.1286076833333336,3.080644958333333,0.008135371996666666,0.0008869521835000001,1.2943713516666664,658.4380916666667,1.0,True
2017-01-17,8,3.1278795666666666,3.09763595,0.0147076094,0.008200351149166667,1.4073193083333333,871.8587625,1.0,True
2017-01-18,8,3.1539998333333332,3.1260669416666667,0.0190359342,0.014425893966666666,1.3404631833333331,880.7307341666667,1.0,True
2017-01-19,8,3.1558676666666665,3.114693508333333,0.020239437183333334,0.015975016374999998,1.2546419916666667,853.4152991666667,1.0,True
2017-01-20,6,3.1224722333333332,3.093214258333333,0.014693313349999999,0.01034166936,1.3515547166666666,526.44794,1.0,True
2017-01-21,8,3.1317386333333332,3.0996004166666666,0.007835688988333334,0.004499927111750001,1.3841362166666666,551.7975633333333,1.0,True
2017-01-22,8,3.1674485166666666,3.142562858333333,0.01318424115,0.008211917266083333,1.3232157666666668,841.1279641666666,1.0,True
2017-01-23,7,3.164834833333333,3.1401975666666666,0.017240477083333334,0.015246662599999999,1.2735533633333334,537.40971,1.0,True
2017-01-24,1,3.0201763,3.0201763,-0.01128636709,-0.01128636709,1.4745584,314.110233,1.0,True
2017-01-25,8,3.1154459333333335,3.090224816666667,-0.0013812634351666668,-0.00628908222021515,1.45880915,748.460875,1.0,True
2017-01-26,7,3.1227625333333338,3.0925525833333336,-0.003100097301833333,-0.007555051383333333,1.4785177833333334,802.6304783333333,1.0,True
2017-01-27,8,3.175852,3.14344105,0.008602961288333332,0.0017320781866666667,1.3832379416666667,872.2559524999999,1.0,True
2017-01-28,8,3.1771783499999997,3.148818191666667,0.011760940341666666,0.008863007039999999,1.314110565,408.4199725,1.0,True
2017-01-29,8,3.1823001333333334,3.1493132416666665,0.020761903483333333,0.019508794024999998,1.2277139808333333,759.2627008333334,1.0,True
2017-01-30,7,3.2045201333333333,3.1853306666666668,0.020314206166666668,0.018865685516666668,1.1940012933333333,572.9662683333333,1.0,True
2017-01-31,8,3.2155952833333337,3.1744726833333337,0.023203605166666665,0.019925817458333335,1.1920328908333335,530.4587333333334,1.0,True
2017-02-03,2,3.0436630166666663,3.0298397833333333,-0.007921117519166666,-0.008058548054583333,1.4149441083333332,236.16258316666665,1.0,True
2017-02-04,9,3.22629185,3.1888456166666668,0.019527491633333335,0.016076585866666666,1.3423398166666667,863.3950216666667,1.0,True
2017-02-05,9,3.1946352833333336,3.1562332333333334,0.0220436665,0.018231459033333335,1.2553496833333333,770.0729033333333,1.0,True
2017-02-06,8,3.2043288166666666,3.1709510749999996,0.02370420666666667,0.02039185871666667,1.2057171783333334,771.4816925,1.0,True
2017-02-07,7,3.2084405166666667,3.1742250666666667,0.022814109000000003,0.019483037933333332,1.1913069516666668,765.672525,1.0,True
2017-02-08,9,3.1942714666666663,3.1693634833333335,0.016938975166666665,0.01495607725,1.2088652333333334,915.5547083333333,1.0,True
2017-02-09,8,3.1650989666666667,3.1467786249999996,0.02651828783333333,0.023422775333333333,1.1745582391666667,472.2412741666667,1.0,True
2017-02-10,9,3.2012077666666667,3.1469782499999996,0.029723085333333333,0.026840143833333333,1.0869032116666666,569.8178116666667,1.0,True
2017-02-11,5,3.124477683333333,3.0883871,0.0145610254,0.012741334116666666,1.1340058983333334,349.14702166666666,1.0,True
2017-02-12,8,3.13520545,3.085856825,0.0128237374,0.008664950981666666,1.2433030416666666,534.1147266666667,1.0,True
2017-02-13,5,3.158116,3.1197576000000002,0.010533876869999998,0.009470300851666667,1.2405006216666665,323.19208499999996,1.0,True
2017-02-14,10,3.184762683333333,3.151515466666667,0.012919906483333334,0.009574267309999999,1.2797827783333333,818.6880741666666,1.0,True
2017-02-15,10,3.199784966666667,3.1475560333333332,0.026452614166666666,0.019014434116666666,1.1846334475,835.6825191666667,1.0,True
2017-02-16,10,3.2175923333333336,3.182890083333333,0.027269456333333334,0.024045841916666668,1.0726903141666666,845.1344058333334,1.0,True
2017-02-17,6,3.230322833333333,3.179798875,0.025201535333333334,0.021659856266666666,1.0373635016666667,911.7559666666666,1.0,True
2017-02-18,7,3.204545216666667,3.1654348333333333,0.023213707166666667,0.019228067566666666,1.0697343683333334,470.90203333333335,1.0,True
2017-02-19,8,3.160443266666667,3.12814525,0.023493632666666667,0.019222405558333332,1.1614051175000002,422.27136716666666,1.0,True
2017-02-20,10,3.232414833333333,3.162468275,0.02382551366666667,0.018461705325,1.1724701358333334,845.9124341666668,1.0,True
2017-02-21,10,3.23555865,3.179582991666667,0.028104724,0.025101889425000003,1.1329469275,842.0933508333333,1.0,True
2017-02-22,9,3.1813960166666666,3.159946583333334,0.021201362999999997,0.016222969733333332,1.144729795,835.427,1.0,True
2017-02-24,5,2.977140716666667,2.961821,-0.0030998394283333333,-0.006176774676666667,1.3596249833333334,255.27009,1.0,True
2017-02-25,8,3.121581433333333,3.077076608333333,0.007727308483333333,0.00264140059475,1.351622925,918.5071816666666,1.0,True
2017-02-26,10,3.122737416666667,3.0601214249999997,0.010855912695833332,0.0041774965558333335,1.3611525666666666,875.7364516666667,1.0,True
2017-02-27,9,3.173141483333333,3.1284519833333335,0.018637878333333333,0.01278269925,1.2306200999999999,799.31996,1.0,True
2017-02-28,5,3.1145892500000003,3.0406155166666666,0.005374560155,0.0045417730480000005,1.2888258483333332,347.0229766666667,1.0,True
2017-03-01,10,3.1712515,3.1345602833333333,0.0186162266,0.007865190343083334,1.2542281450000001,906.7662708333335,1.0,True
2017-03-02,10,3.1734398500000003,3.14517245,0.0173262913,0.012643069600000001,1.2213938308333334,870.3430541666667,1.0,True
2017-03-03,7,3.175720566666667,3.1449669499999997,0.024391785833333336,0.020492708000000002,1.13454689,892.5966566666667,1.0,True
2017-03-04,8,3.1918989166666667,3.164771375,0.0286703055,0.023118819999999998,1.0701967675000001,980.1938816666668,1.0,True
2017-03-05,8,3.204023266666667,3.15851885,0.024721348166666667,0.02249968385,1.0339774783333333,433.95295416666664,1.0,True
2017-03-06,8,3.0914023166666666,3.0577572833333333,0.002612851833333333,-0.0014714003814166666,1.2109706199999999,590.0795208333333,1.0,True
2017-03-07,10,3.1361167833333337,3.112856991666667,0.017128726766666665,0.009436381983333332,1.1637886408333333,886.0906433333332,1.0,True
2017-03-08,10,3.2184748166666663,3.1693437583333335,0.026672310666666664,0.021226810108333334,1.1318686616666667,633.8918691666665,1.0,True
2017-03-09,10,3.2059586833333333,3.1585861250000002,0.02894336516666667,0.02505228853333333,1.0920770850000001,665.8571783333334,1.0,True
2017-03-10,9,3.1634765333333332,3.1315927,0.026014480333333333,0.0209502855,1.1012382583333333,684.01492,1.0,True
2017-03-12,8,3.2207551666666663,3.1787501333333332,0.021481166883333333,0.018898910283333334,1.2015183708333335,683.5792866666666,1.0,True
2017-03-13,9,3.2248690166666667,3.1340464666666668,0.022863752666666667,0.018745635099999998,1.2022740616666667,620.19244,1.0,True
2017-03-14,9,3.2111908666666666,3.1716523333333333,0.02678278,0.023324305,1.1690213783333334,405.9314383333333,1.0,True
2017-03-15,10,3.2257891,3.1690189416666668,0.030913337833333332,0.027698883416666667,1.0481519750000001,783.3336208333333,1.0,True
2017-03-16,8,3.2120463166666666,3.1734298,0.029588163833333334,0.027584230916666667,1.0133997875,787.9910616666667,1.0,True
2017-03-17,9,3.2275854833333333,3.1503385166666664,0.028037459333333334,0.024893697333333336,1.0079173983333334,856.6562616666668,1.0,True
2017-03-18,10,3.2329659166666667,3.165582975,0.031991558833333336,0.02801399525,1.0365480691666669,857.1792033333334,1.0,True
2017-03-19,10,3.1898287333333335,3.170002891666667,0.031265991166666667,0.028490611166666666,0.99410439,856.3708633333333,1.0,True
2017-03-20,7,3.1839371666666665,3.1356394166666663,0.029672958166666666,0.02801410966666667,1.0319464866666666,580.333795,1.0,True
2017-03-21,7,3.1388210333333335,3.086449066666667,0.02314763116666667,0.01811615915,1.0969497366666667,547.4585866666667,1.0,True
2017-03-22,8,3.1499638666666665,3.1393767666666665,0.0266649395,0.022861037833333334,1.1369359191666666,780.2863158333333,1.0,True
2017-03-23,9,3.22191335,3.1947566333333333,0.02940641416666667,0.027871256333333334,1.1246818616666665,864.688895,1.0,True
2017-03-24,4,3.0739919166666665,3.053461883333333,0.013023353383333333,0.012350300525,1.1982259175,488.9373875,1.0,True
2017-03-25,9,3.1906930166666663,3.1409803333333333,0.027015087666666666,0.022252466166666665,1.2032926066666667,653.1272916666666,1.0,True
2017-03-26,3,3.0917023,3.0792073833333333,0.0112600689,0.006589646102833333,1.2805903066666666,304.7546651666667,1.0,True
2017-03-27,7,3.16718295,3.1345326333333334,0.024265559333333336,0.018308087583333334,1.2031977616666665,875.3375966666666,1.0,True
2017-03-29,9,3.1646090166666667,3.137830166666667,0.01972923105,0.016953506783333336,1.3294229333333334,881.79621,1.0,True
2017-03-30,7,3.172238716666667,3.1440914666666666,0.027236751833333333,0.024208197333333334,1.216108815,560.1004316666666,1.0,True
2017-04-01,2,3.0913325166666668,3.083419758333333,0.00578476717,0.0034493902858333332,1.3197776858333334,318.6533625,1.0,True
2017-04-02,9,3.1849849333333333,3.1546603666666666,0.027021056833333335,0.022100385166666667,1.2531356333333332,884.32164,1.0,True
2017-04-03,10,3.1767555666666665,3.1309295749999997,0.02277228815,0.017475061583333333,1.2256300583333335,850.5980391666667,1.0,True
2017-04-04,7,3.1287125,3.0780036666666666,0.010467078785,0.010116971513333333,1.2673854333333334,515.1426683333333,1.0,True
2017-04-05,10,3.1679749999999998,3.1157759333333335,0.021267549833333333,0.014254420858333334,1.2416764358333334,918.6483850000001,1.0,True
2017-04-06,10,3.1867254666666667,3.157396025,0.0282245365,0.023546586875,1.1715185375000001,863.9769833333334,1.0,True
2017-04-07,10,3.198153333333333,3.1493349416666665,0.030562313833333334,0.028408653916666665,1.049587615,594.9238108333334,1.0,True
2017-04-08,10,3.1965560666666666,3.15777225,0.029566995666666665,0.028050105,1.03970934,510.59336083333335,1.0,True
2017-04-09,10,3.2055221333333335,3.160847941666667,0.023227190800000002,0.019082487191666667,1.1748530308333334,849.2842933333334,1.0,True
2017-04-10,10,3.1684512666666667,3.119689516666667,0.026710363,0.019462126141666668,1.1522364016666669,839.5866366666667,1.0,True
2017-04-11,8,3.1964020666666664,3.1530581583333332,0.029490127333333335,0.02469490333333333,1.1287816383333333,784.4619033333333,1.0,True
2017-04-12,10,3.214742833333333,3.166466766666667,0.0304296825,0.026994797833333334,1.0363520616666668,848.6011483333334,1.0,True
2017-04-13,9,3.2073255333333335,3.1576834666666667,0.030033752,0.028309828166666665,1.0408663416666666,863.9966833333333,1.0,True
2017-04-14,10,3.2012552166666666,3.1514307416666667,0.030314301333333335,0.02828403775,0.9936306433333334,773.8622808333332,1.0,True
2017-04-15,9,3.19743785,3.14341055,0.028401206666666668,0.025487571666666667,1.0702897033333334,869.6529733333333,1.0,True
2017-04-16,9,3.1984285666666663,3.1576636833333334,0.030190175500000003,0.026064020833333333,1.0402532183333333,866.9499199999999,1.0,True
2017-04-17,10,3.1732622166666666,3.1584453833333335,0.02991416883333333,0.028316421333333334,1.0731801441666666,498.47416,1.0,True
2017-04-18,10,3.2358655833333336,3.1539026666666663,0.029950264666666667,0.027961314583333334,1.0434466599999999,742.3405716666666,1.0,True
2017-04-19,10,3.184560116666667,3.171859716666667,0.02795313983333333,0.0261636885,1.0791224966666666,862.5009741666667,1.0,True
2017-04-20,7,3.13668905,3.0867729,0.0272512885,0.018981727333333333,1.1312885916666666,660.2814316666667,1.0,True
2017-04-21,5,3.10053865,3.068362833333333,0.016865782566666664,0.0121865881,1.2153433333333332,421.735275,1.0,True
2017-04-22,10,3.1815112,3.14671065,0.0254242395,0.017462524891666664,1.29969894,619.9682508333333,1.0,True
2017-04-23,10,3.1902257333333335,3.1603050416666667,0.03344285883333333,0.02847674025,1.1958659266666667,713.505715,1.0,True
2017-04-24,6,3.1851882,3.1483098,0.028405554333333336,0.025046860166666667,1.1629473791666667,637.564665,1.0,True
2017-04-25,9,3.165701583333333,3.1012468500000003,0.021924873833333334,0.016981596183333333,1.219030775,504.83436166666667,1.0,True
2017-04-26,10,3.217522033333333,3.1712592500000003,0.024375013,0.021022207916666667,1.2014961658333334,688.7178675,1.0,True
2017-04-27,8,3.1841431,3.1177706,0.0187563334,0.014429657766666666,1.246291005,430.9661135,1.0,True
2017-04-28,7,3.1980693666666666,3.1383099000000003,0.022164435166666666,0.015326560283333334,1.1825505,434.19850833333334,1.0,True
2017-04-29,5,3.09237245,3.059967583333333,0.0034756311961666665,0.0006173651850000001,1.3266221999999999,327.214825,1.0,True
2017-04-30,10,3.18154265,3.140024966666666,0.026043291166666666,0.019017203708333333,1.2450819941666667,890.4349391666667,1.0,True
2017-05-01,10,3.2334678,3.18330795,0.026362032333333334,0.023189408916666668,1.2309696833333335,735.4385408333334,1.0,True
2017-05-02,8,3.18286715,3.133274141666667,0.027545671166666667,0.0193930965,1.1859900758333333,468.03962,1.0,True
2017-05-03,7,3.1681910333333336,3.131827616666667,0.022945456166666666,0.0169453039,1.2423697866666668,535.3477633333333,1.0,True
2017-05-04,10,3.228399183333333,3.1821808750000002,0.032828498,0.027867831083333336,1.1683004475,831.0840733333333,1.0,True
2017-05-05,10,3.2028753,3.1651443416666667,0.03229867633333334,0.029558376249999997,1.0087268408333334,826.6786191666667,1.0,True
2017-05-06,10,3.2040083,3.146246708333333,0.030663097333333333,0.029127149166666668,0.9556966491666667,471.86329333333333,1.0,True
2017-05-07,6,3.216256383333333,3.1396249083333334,0.03040339883333333,0.028106251916666665,1.0301912925,394.78916416666664,1.0,True
2017-05-08,5,3.1580873666666665,3.1336887499999997,0.028035680166666667,0.025126251,1.1584836733333332,538.79007,1.0,True
2017-05-09,9,3.1599181666666665,3.131595916666667,0.024918095666666664,0.02392892116666667,1.22797556,338.423665,1.0,True
2017-05-10,1,3.1103790166666667,3.1103790166666667,0.008608412196666667,0.008608412196666667,1.3891737999999998,219.3845495,1.0,True
2017-05-11,9,3.138948833333333,3.1073999,0.029664664333333333,0.025237023666666667,1.2706891066666666,798.8772666666666,1.0,True
2017-05-12,10,3.1854158166666666,3.137135625,0.03431607783333333,0.03155265141666666,1.0920005558333332,823.0115716666667,1.0,True
2017-05-13,10,3.1834387166666667,3.146087625,0.033666506166666665,0.031944618333333334,0.9540076925000001,720.1471666666666,1.0,True
2017-05-14,8,3.16429845,3.1310914000000003,0.032357608999999996,0.029006991833333332,1.0781789558333335,903.691645,1.0,True
2017-05-15,8,3.1666331166666666,3.1264612750000005,0.03425031483333333,0.030743655666666668,1.0386928341666666,754.559365,1.0,True
2017-05-16,6,3.1415338999999998,3.1193736,0.029812106999999997,0.02696268825,1.1166176058333332,617.98292,1.0,True
2017-05-17,9,3.17034145,3.1332248000000003,0.031227442333333334,0.02824333,1.1396264216666667,395.42340499999995,1.0,True
2017-05-18,2,3.040132133333333,3.032363183333333,-0.0020165858986666667,-0.00338652653325,1.3535250083333334,292.5696375,1.0,True
2017-05-19,6,3.0668347833333334,3.051492941666667,0.0035497270833333336,0.002777738366166667,1.373039425,329.5477191666667,1.0,True
2017-05-20,10,3.1733184833333334,3.126969475,10.610812526666667,0.02248818513333333,1.1403373141666666,837.5561116666667,1.0,True
2017-05-21,10,3.1978911,3.1464046249999997,0.03154370583333334,0.027133760416666666,1.1361278908333334,714.4851616666667,1.0,True
2017-05-22,8,3.1982079666666667,3.1681428250000003,0.031554396666666665,0.028053438916666666,1.1705683091666668,624.4247425000001,1.0,True
2017-05-23,10,3.19134815,3.150987766666667,0.028272139333333335,0.022662383891666665,1.1968460975,454.6211425,1.0,True
2017-05-24,10,3.20687425,3.168768225,0.03345037866666667,0.03193421266666667,1.0375747291666666,816.7099158333333,1.0,True
2017-05-25,8,3.1607162166666667,3.129838208333333,0.03200819633333333,0.029272888916666663,1.032583425,418.00567916666665,1.0,True
2017-05-26,10,3.2053440666666666,3.1689198083333334,0.031470056499999996,0.026744884083333333,1.1472929775,678.7306699999999,1.0,True
2017-05-27,7,3.1620251666666666,3.1331986666666665,0.021861317499999998,0.018141031716666665,1.2145471833333334,410.8200233333333,1.0,True
2017-05-28,10,3.2042893,3.178445675,0.03326528733333333,0.030313895166666667,1.13989912,798.7496358333333,1.0,True
2017-05-29,10,3.166195516666667,3.1506542166666667,0.03048367633333333,0.025939208783333334,1.1331354508333333,475.5889580833333,1.0,True
2017-05-30,10,3.21207295,3.1630023083333336,0.03377645333333333,0.030669787833333333,1.0976700658333334,794.3277566666667,1.0,True
2017-05-31,10,3.199768816666667,3.164699425,0.03337268666666667,0.031125822583333334,1.0034823075000001,627.1527416666668,1.0,True
2017-06-01,8,3.1616226333333333,3.1232896833333332,0.03358200566666667,0.028686518333333334,1.0666347008333332,510.50654999999995,1.0,True
2017-06-02,7,3.1461516166666663,3.1196211166666665,0.033822765666666664,0.029261066833333335,1.1337065783333335,622.6656416666666,1.0,True
2017-06-03,10,3.2078862666666668,3.1683466,0.03322867116666667,0.03138819175,1.064928375,739.6188408333333,1.0,True
2017-06-04,10,3.2124468333333334,3.1492397083333334,0.033848521,0.03259209525,1.0185555133333333,782.0723883333333,1.0,True
2017-06-05,4,3.1537113,3.1417264750000005,0.031197891,0.02816067775,1.0536802,647.2617058333333,1.0,True
2017-06-06,7,3.1988162000000004,3.1653245333333335,0.0310699595,0.030503244,1.0398040633333332,583.161945,1.0,True
2017-06-07,8,3.18021165,3.1496138416666666,0.03317186933333333,0.030645259583333334,1.0385660683333333,695.6161125,1.0,True
2017-06-08,8,3.1756932,3.1577923583333334,0.0341343735,0.03158773083333333,1.0517900116666667,851.1161825,1.0,True
2017-06-09,10,3.1963969999999997,3.1520757833333333,0.03277941016666667,0.028986905166666667,0.7483100983333333,691.1160158333333,1.0,True
2017-06-10,9,3.1694849666666665,3.140145416666667,0.031581863,0.028710479833333333,0.7298310616666667,814.1037083333334,1.0,True
2017-06-11,10,3.1662960333333334,3.131410475,0.032126916166666665,0.030547592,1.0065844466666667,591.5620766666667,1.0,True
2017-06-12,10,3.16887165,3.1279449083333333,0.03343972283333333,0.031162993083333333,0.9455625458333333,709.3704625,1.0,True
2017-06-13,10,3.1584495,3.1206580749999997,0.032359140833333334,0.029926332666666666,0.9568047316666667,801.1053033333333,1.0,True
2017-06-14,10,3.163464333333333,3.127772508333333,0.031706906,0.030428260666666665,0.9030870874999999,746.2959066666666,1.0,True
2017-06-15,10,3.1559297666666666,3.118974375,0.03252924633333333,0.029758062333333335,0.8625227091666667,689.92686,1.0,True
2017-06-16,10,3.1457538,3.100591675,0.032345173,0.03154595658333333,0.8675835866666666,582.25185,1.0,True
2017-06-17,6,3.1294890499999997,3.1145422,0.0324172475,0.03111876825,0.9461769516666667,593.4732783333334,1.0,True
2017-06-18,10,3.1851222833333335,3.1624517166666664,0.03379132583333333,0.031879583249999996,0.9885813991666667,769.3143908333334,1.0,True
2017-06-19,10,3.1966227500000004,3.146723541666667,0.03368650966666666,0.03229621216666667,0.9694111433333333,696.9180883333333,1.0,True
2017-06-20,9,3.1557745833333333,3.1213400000000004,0.0313058345,0.02955158483333333,0.7983268483333333,648.6028033333333,1.0,True
2017-06-21,9,3.1316500166666668,3.099793083333333,0.032183699333333336,0.0300410815,0.7946269416666667,783.577815,1.0,True
2017-06-22,5,3.1193014166666666,3.0924216833333333,0.031447884,0.0296200855,0.8607352833333334,547.8266566666666,1.0,True
2017-06-23,2,3.0834657500000002,3.0621281583333335,0.019735016666666667,0.016521093758333334,1.2555364083333334,238.16171583333332,1.0,True
2017-06-24,9,3.1603240666666665,3.129972583333333,0.032909306666666666,0.0300154345,1.2236957766666667,556.3462916666666,1.0,True
2017-06-25,10,3.145134966666667,3.1246508833333335,0.03297199733333333,0.026592132916666667,1.2231718408333334,388.1909125,1.0,True
2017-06-26,10,3.141976816666667,3.1158909333333336,0.03501729866666667,0.032548257166666664,1.011087735,775.2301508333333,1.0,True
2017-06-27,10,3.1287187333333337,3.104684708333333,0.0335209535,0.03155457133333334,0.8941557816666668,601.0863858333333,1.0,True
2017-06-28,9,3.1282102666666662,3.0860853333333336,0.03262012216666667,0.0310919375,0.98639723,367.6772683333333,1.0,True
2017-06-29,10,3.159187166666667,3.0987976416666667,0.031494098166666665,0.0297728625,0.9341460966666667,551.7514358333333,1.0,True
2017-06-30,8,3.12602315,3.099419525,0.0312395445,0.02890771408333333,1.1396082591666667,577.0807741666667,1.0,True
2017-07-01,10,3.1746174666666667,3.1389268166666664,0.034010066500000005,0.03152659791666666,0.964715785,782.9828975,1.0,True
2017-07-02,8,3.1306541833333332,3.096133591666667,0.03045462733333333,0.029206656333333334,0.8908513033333333,453.76295833333336,1.0,True
2017-07-03,10,3.1247752666666666,3.091842091666667,0.0326074505,0.031483780749999996,0.9208636566666666,558.5825825000001,1.0,True
2017-07-04,10,3.141517,3.08867105,0.03192804033333333,0.029878907250000003,0.836830105,617.9592341666666,1.0,True
2017-07-05,10,3.1280111,3.093440325,0.030954702666666667,0.028894741833333334,0.7517926266666667,686.9505341666667,1.0,True
2017-07-06,8,3.1008848666666666,3.0713192083333336,0.0300943065,0.028837926416666666,0.7861161358333334,742.1349749999999,1.0,True
2017-07-07,8,3.1066632166666666,3.0863205083333334,0.03260630933333333,0.031156401583333333,0.9588880183333334,562.9131649999999,1.0,True
2017-07-08,8,3.150750733333333,3.114677716666667,0.03319045933333333,0.031321824166666665,1.0059574974999999,678.8257516666666,1.0,True
2017-07-09,9,3.1329844,3.10695935,0.03177466983333333,0.0289215475,0.8142649783333333,784.5896233333333,1.0,True
2017-07-10,5,3.1135566166666666,3.1045564833333334,0.031193761666666667,0.029520832666666667,0.8992801033333334,572.2050383333334,1.0,True
2017-07-11,9,3.1182076333333333,3.0981697,0.03147625033333333,0.029098868666666666,0.814928985,621.5880450000001,1.0,True
2017-07-12,4,3.09113175,3.0815592416666666,0.029233950666666668,0.027805299083333335,1.1373128341666667,249.133236,1.0,True
2017-07-13,10,3.1389406500000003,3.1232362166666667,0.033988727333333336,0.03262567566666667,0.9998608950000001,684.8400075,1.0,True
2017-07-14,8,3.1573761499999997,3.1084151166666665,0.033790584666666665,0.031124216083333336,1.0036816083333333,734.3159133333334,1.0,True
2017-07-15,8,3.1751178999999996,3.1308624916666665,0.033295658166666665,0.031889933583333335,0.98950451,796.5456658333333,1.0,True
2017-07-16,10,3.179156233333333,3.1258384083333333,0.03463205416666667,0.032369913916666666,0.9674972591666666,779.4122325000001,1.0,True
2017-07-17,7,3.1290312166666667,3.107253366666667,0.03250711516666667,0.030063392,0.9118001766666667,770.5741066666667,1.0,True
2017-07-18,8,3.131213283333333,3.096661666666667,0.0337828925,0.03250328366666667,0.9898947891666667,463.8407095,1.0,True
2017-07-19,7,3.133708233333333,3.112813816666667,0.031647738833333335,0.0301293475,0.83732156,716.1291116666667,1.0,True
2017-07-20,6,3.1673693,3.1301756083333334,0.03321808716666667,0.032189917750000005,0.9812105449999999,743.3776598333334,1.0,True
2017-07-21,7,3.11956065,3.1003529666666667,0.034714219000000004,0.032280273166666665,0.9414849116666667,528.801625,1.0,True
2017-07-22,10,3.1669682,3.106350008333333,0.0348788145,0.03389508808333333,0.9977813099999999,484.8303158333333,1.0,True
2017-07-23,9,3.1463180166666667,3.11559785,0.03233410816666667,0.031252661,0.89955405,646.78881,1.0,True
2017-07-24,9,3.1560329499999997,3.1245385833333335,0.03276489133333334,0.030963441333333334,0.8682964383333334,721.958715,1.0,True
2017-07-25,6,3.128024416666667,3.1011914750000003,0.03182186133333333,0.03042492945,0.9538998091666667,419.6183975,1.0,True
2017-07-26,7,3.1209757666666667,3.1154502500000003,0.03225979733333333,0.029554672,1.1296428,409.59380500000003,1.0,True
2017-07-27,10,3.1597399333333334,3.1259885,0.03720622916666667,0.03482890325,1.1273891725,668.2619725,1.0,True
2017-07-28,8,3.1292480166666667,3.104452875,0.03475465483333333,0.03253247716666667,0.9959428033333333,732.1808008333333,1.0,True
2017-07-29,2,3.1031844166666667,3.0957065,0.02567030316666667,0.025364280833333336,1.1701605891666667,279.61707333333334,1.0,True
2017-07-30,9,3.1594654833333333,3.118112766666667,0.03455457333333333,0.03241770533333333,1.1321620033333335,470.49045666666666,1.0,True
2017-07-31,9,3.16368,3.1251392,0.036013102166666665,0.033734145666666666,1.048197895,643.9402733333334,1.0,True
2017-08-01,10,3.17264655,3.130721816666667,0.03477072583333333,0.03349253316666667,0.9831081508333334,785.4231166666667,1.0,True
2017-08-02,10,3.1637407166666667,3.1180344333333334,0.035689353,0.03281165916666667,0.9835858616666666,677.6041933333333,1.0,True
2017-08-03,3,3.0851592833333332,3.0793864166666665,0.0278939605,0.024602486,1.2348108833333333,395.995565,1.0,True
2017-08-04,10,3.16361685,3.12031755,0.03718058283333334,0.034707712333333335,1.1258314724999998,529.7086816666666,1.0,True
2017-08-05,8,3.1532815,3.1286070583333334,0.03436319833333333,0.03285474708333333,1.0314918475,708.5217875000001,1.0,True
2017-08-06,5,3.17853195,3.1377969833333332,0.03292963383333333,0.031242780166666664,1.20298325,793.2665416666666,1.0,True
2017-08-08,7,3.1582288000000003,3.1175495833333335,0.033075023,0.023983451333333336,1.3515970166666667,505.022125,1.0,True
2017-08-09,10,3.170634366666667,3.122114233333333,0.0361113865,0.032372808583333336,1.23546534,547.9911116666667,1.0,True
2017-08-10,7,3.171546616666667,3.1408020666666667,0.033282791166666666,0.031460368499999995,1.2333579166666666,807.47045,1.0,True
2017-08-11,10,3.1968380333333335,3.153666708333333,0.0361253925,0.032311467499999996,1.2155888266666666,665.7945708333333,1.0,True
2017-08-12,9,3.2193795,3.155218183333333,0.03627594183333334,0.032442763166666666,1.2419259666666667,604.0359100000001,1.0,True
2017-08-13,8,3.1886049,3.1661600749999996,0.03676069033333333,0.03508400516666667,1.1516195508333333,695.6478155833333,1.0,True
2017-08-14,8,3.1635027166666663,3.140940525,0.035933813,0.034717957583333334,1.0344394816666669,665.3758008333334,1.0,True
2017-08-15,8,3.1774518499999997,3.1249138666666667,0.03514604016666667,0.03281926775,1.131762655,688.857045,1.0,True
2017-08-16,9,3.1727870166666667,3.1588469833333335,0.03487324133333333,0.033027183333333335,1.1948234033333334,629.0698766666667,1.0,True
2017-08-17,8,3.191747933333333,3.1536574249999996,0.03580406333333333,0.034396101750000005,1.0904580433333333,657.75292,1.0,True
2017-08-18,10,3.1684510166666664,3.147894975,0.036345144999999995,0.033682794833333335,1.0014711133333334,805.6898783333332,1.0,True
2017-08-19,9,3.1857063666666665,3.1421312833333332,0.03314582916666667,0.030686625999999998,0.9111014266666667,616.7495166666666,1.0,True
2017-08-20,9,3.169687066666667,3.1428232833333336,0.03241735083333333,0.030758988333333334,0.8767918016666666,682.1627316666667,1.0,True
2017-08-21,8,3.1272163833333333,3.112409566666667,0.0330981765,0.030720299,0.9843746099999999,378.70354,1.0,True
2017-08-22,9,3.1603562999999997,3.1252137,0.03396821766666667,0.032871120999999996,1.0683071800000001,602.3393883333333,1.0,True
2017-08-23,7,3.1587571166666666,3.137248216666667,0.03336193916666667,0.03174200766666667,0.9718515616666666,693.1640233333333,1.0,True
2017-08-24,7,3.1707665666666665,3.1294576666666667,0.03422219616666666,0.030924844166666667,1.0258199216666666,730.1717866666667,1.0,True
2017-08-25,10,3.168040066666667,3.1287949333333334,0.0328544925,0.030761988166666667,0.9206864475000001,823.7036058333333,1.0,True
2017-08-26,10,3.1629860166666663,3.1283458416666665,0.034672487,0.03281083516666666,0.9429002166666667,540.0588750000001,1.0,True
2017-08-27,10,3.1706689166666666,3.1458214499999997,0.0344954715,0.03224385791666667,0.9858321583333334,796.4413891666666,1.0,True
2017-08-28,10,3.18010065,3.1439935916666664,0.035101472499999994,0.03249256158333333,0.9792095108333333,798.0163875000001,1.0,True
2017-08-29,10,3.1663985833333332,3.137631466666667,0.033566197,0.03176095033333333,0.9233659108333334,756.1153425,1.0,True
2017-08-30,9,3.166377783333333,3.129920183333333,0.034023288500000005,0.03187176133333333,0.9756843433333333,629.7742016666667,1.0,True
2017-08-31,8,3.1434480333333332,3.112047875,0.033444254,0.030831697166666665,1.065499545,410.2033934166667,1.0,True
2017-09-01,10,3.16293815,3.130042125,0.034986494166666667,0.033312844083333334,1.0694302383333334,611.8883175000001,1.0,True
2017-09-02,10,3.1823571166666667,3.1409588250000002,0.034233909166666666,0.03250305875,0.9579675999999999,779.3828925,1.0,True
2017-09-03,10,3.17133415,3.1396558333333333,0.03433266716666667,0.03180670133333333,0.8717274349999999,810.2801883333334,1.0,True
2017-09-04,9,3.154033333333333,3.0970575666666664,0.03472356383333333,0.032069933833333335,0.925839165,574.2139533333334,1.0,True
2017-09-05,7,3.1475515666666665,3.1416138499999997,0.030455566166666666,0.028897941833333333,1.14187012,721.660395,1.0,True
2017-09-06,10,3.1839451000000003,3.1391074666666663,0.03292108816666667,0.02987362091666667,1.1429072175,767.4545825,1.0,True
2017-09-07,9,3.1770960833333333,3.1497843666666667,0.03417179483333333,0.03228242666666667,1.1196087316666667,689.3053683333333,1.0,True
2017-09-08,9,3.14404175,3.1298367166666665,0.03309051316666666,0.030133558,1.0696752183333333,490.3416383333333,1.0,True
2017-09-09,7,3.17498275,3.147273816666667,0.03460704766666667,0.03133458733333334,1.0511702516666666,439.4086893333333,1.0,True
2017-09-10,8,3.18023685,3.1469498166666665,0.03459188016666667,0.03234045458333333,1.0246327333333334,703.1677658333333,1.0,True
2017-09-11,5,3.1672135333333333,3.1340653833333336,0.03219825616666667,0.03150960516666666,0.98322082,829.0527933333334,1.0,True
2017-09-12,9,3.17247565,3.1560930500000004,0.03361984966666667,0.03214004,0.9890172899999999,837.7328216666666,1.0,True
2017-09-13,9,3.1566443833333335,3.1193426166666667,0.0325051885,0.031207244000000002,1.0065852383333334,503.04874333333333,1.0,True
2017-09-14,8,3.1859616333333336,3.129960233333333,0.0331064135,0.03095807825,1.0221414858333333,620.1743741666667,1.0,True
2017-09-15,9,3.186600916666667,3.1553106499999997,0.03311345216666667,0.031110772000000002,1.0711458299999999,866.571405,1.0,True
2017-09-16,8,3.16884365,3.13943175,0.027564577166666666,0.024496828,1.2056184475,541.9218766666667,1.0,True
2017-09-17,8,3.2011751,3.1467561833333333,0.031510481666666666,0.02383722075,1.2499864375,740.9633025,1.0,True
2017-09-18,10,3.1952582,3.156762625,0.03479122316666667,0.03226454483333333,1.1948626999999998,825.9828366666667,1.0,True
2017-09-19,9,3.1882505833333337,3.144506483333333,0.0337905685,0.031794194166666664,1.0381832283333334,876.5354666666666,1.0,True
2017-09-20,10,3.180512183333333,3.132196591666667,0.032030866,0.028272921083333333,1.1587210033333333,833.0888391666667,1.0,True
2017-09-21,10,3.2252317833333333,3.1793510666666664,0.03441229366666666,0.03230615441666666,1.00433168,848.9626958333333,1.0,True
2017-09-22,9,3.1739355833333334,3.1608361,0.02920388033333333,0.027811917999999998,1.12619829,593.148755,1.0,True
2017-09-23,1,3.0876971833333333,3.0876971833333333,0.010828873383333333,0.010828873383333333,1.2495249933333334,398.15740833333336,1.0,True
2017-09-25,2,3.13256245,3.1281559999999997,0.01060214405,0.0076707246185,1.452203385,317.6052516666667,1.0,True
2017-09-26,6,3.1442630166666663,3.1277739916666665,0.022910402649999998,0.018593575741666667,1.4116516,355.73983749999996,1.0,True
2017-09-28,6,3.1730145333333337,3.1563332749999997,0.0230938675,0.018445432116666667,1.4773733166666667,384.95652775,1.0,True
2017-09-29,7,3.220947916666667,3.1608021333333336,0.026020969833333334,0.022708689,1.4751207833333335,403.5850693333333,1.0,True
2017-09-30,9,3.2108349166666668,3.1655700666666666,0.029151013,0.026806919333333335,1.3205365166666667,496.23020166666663,1.0,True
2017-10-01,7,3.221304566666667,3.1677842333333337,0.030849834333333333,0.027614710333333334,1.2661336933333334,662.1464966666666,1.0,True
2017-10-03,8,3.16613085,3.128149966666667,0.022205583666666664,0.018771413858333336,1.44220395,584.1919566666667,1.0,True
2017-10-04,9,3.2066893333333337,3.1735684333333336,0.03157401283333334,0.025743239666666664,1.3219605333333333,868.9386933333334,1.0,True
2017-10-05,9,3.20245325,3.158174633333333,0.028711316499999997,0.026964484833333337,1.3783656833333333,724.4173516666667,1.0,True
2017-10-06,9,3.1893528833333336,3.1584814166666666,0.02712592,0.02259606945,1.4193201333333334,557.4425516666666,1.0,True
2017-10-07,9,3.2226412,3.1837284333333336,0.03428149133333334,0.031778807,1.2476270583333333,907.7245166666667,1.0,True
2017-10-08,9,3.186976633333333,3.1633609666666667,0.027881501666666666,0.0207836875,1.2377538399999999,904.572825,1.0,True
2017-10-09,5,3.07803305,3.0571154000000003,0.0037849778366666666,-0.0006476879283333334,1.4781059666666667,258.7031333333333,1.0,True
2017-10-10,9,3.1729444166666667,3.1369655,0.024206225166666664,0.012492344033333333,1.4437990333333335,928.5923399999999,1.0,True
2017-10-11,9,3.1843735333333334,3.1724629333333336,0.03055471766666667,0.027102041,1.3498708833333335,559.0355516666666,1.0,True
2017-10-12,9,3.2250500833333335,3.1815085333333335,0.034827450333333336,0.030358087500000002,1.2232488366666667,895.4803483333333,1.0,True
2017-10-13,9,3.1747561,3.126363916666667,0.027483943333333333,0.024030944833333335,1.2795557166666667,856.0583166666668,1.0,True
2017-10-14,9,3.2034229333333335,3.1430293666666667,0.021116375166666666,0.017952955583333333,1.3494647666666668,673.8508916666667,1.0,True
2017-10-15,9,3.20564065,3.1801497833333334,0.026348241,0.021370959366666668,1.3338069166666666,901.9748149999999,1.0,True
2017-10-16,7,3.20419915,3.1568272,0.029471086666666663,0.02865808533333333,1.2024131433333334,529.3623066666667,1.0,True
2017-10-17,9,3.2150006833333333,3.1636118666666664,0.03498331749999999,0.030124306,1.168914645,895.7691466666668,1.0,True
2017-10-18,7,3.2174637666666666,3.1758556166666665,0.03531013066666667,0.032422517,1.1233579083333334,938.5940683333333,1.0,True
2017-10-19,9,3.191057016666667,3.1487766500000003,0.033170756833333336,0.02936073783333333,1.164372305,670.6982399999999,1.0,True
2017-10-20,9,3.2260994999999997,3.1589075500000003,0.034358292,0.031206625666666665,1.1898690049999998,627.4519666666667,1.0,True
2017-10-21,9,3.19303945,3.1481157,0.018736307783333333,0.013962948433333334,1.27289535,921.8885333333333,1.0,True
2017-10-22,6,3.18592755,3.1524638166666668,0.024259342333333333,0.023775091749999998,1.2381021308333333,707.15176475,1.0,True
2017-10-23,5,3.1594724,3.1315524999999997,0.01884649711666667,0.0165124532,1.2794497,644.9602416666668,1.0,True
2017-10-24,9,3.1810091333333332,3.1651851,0.025752365166666666,0.016847391666666666,1.3117691666666667,823.9470249999999,1.0,True
2017-10-25,9,3.2085410999999997,3.2012128833333335,0.03559527216666667,0.0318469885,1.1882751183333333,894.0949033333333,1.0,True
2017-10-26,2,3.145570816666667,3.1365966333333333,0.01414098005,0.01353368705,1.2760297349999998,539.7035891666667,1.0,True
2017-10-27,8,3.1063932666666667,3.062437375,0.011667891166666666,0.005787051990416667,1.3908307666666668,686.8535066666667,1.0,True
2017-10-28,6,3.1725847666666667,3.1456633833333334,0.01984151785,0.01629936023333333,1.3298519666666668,414.1519108333333,1.0,True
2017-10-29,9,3.2072002333333334,3.1877825166666667,0.032762542166666665,0.028711056833333335,1.25313319,872.5081266666667,1.0,True
2017-10-31,7,3.10291985,3.0898364000000003,0.01196133615,0.008653385003333335,1.41187925,455.938835,1.0,True
2017-11-01,6,3.185982383333333,3.1629375083333335,0.026820841833333334,0.024437957833333333,1.3122950166666665,312.10438583333337,1.0,True
2017-11-02,6,3.1580603333333332,3.1215786916666666,0.015680214166666668,0.012508458850000001,1.3680370916666669,625.4464773333334,1.0,True
2017-11-03,8,3.1721521,3.1416991999999997,0.026819956,0.017352311575,1.4029744666666668,884.3680658333333,1.0,True
2017-11-04,9,3.24595145,3.2060198166666667,0.029044928166666664,0.027329156,1.3553774666666667,840.3311649999999,1.0,True
2017-11-05,7,3.1210987166666664,3.102574683333333,0.01594766825,0.008950208943333334,1.4697338333333334,371.6873733333333,1.0,True
2017-11-08,9,3.1644449333333333,3.1347640166666664,0.0216125385,0.008423099188333333,1.4917867833333331,910.82408,1.0,True
2017-11-09,5,3.1254973833333333,3.09321535,0.011514280376666667,0.0072498559366666665,1.51267575,646.5252533333334,1.0,True
2017-11-10,8,3.161041916666667,3.1390409166666666,0.024895705666666667,0.0171470114125,1.4595113833333333,790.6247225,1.0,True
2017-11-11,9,3.221546666666667,3.182380916666667,0.024223987333333332,0.0182542324,1.4847581333333333,835.183905,1.0,True
2017-11-12,9,3.21105495,3.1605705,0.0229867145,0.015058495483333333,1.47875895,815.0803116666667,1.0,True
2017-11-13,9,3.240837283333333,3.1791701,0.032259254,0.025355455000000002,1.2944295666666668,822.54883,1.0,True
2017-11-14,7,3.16195505,3.130517333333333,0.027288970833333332,0.024390893833333333,1.2925509683333334,429.64001333333334,1.0,True
2017-11-15,9,3.1807708,3.1445796333333336,0.019376480533333334,0.013119262210000001,1.3780595,833.8489599999999,1.0,True
2017-11-16,8,3.1980181666666665,3.168348875,0.0321567275,0.0279026705,1.2427378791666666,738.6290725000001,1.0,True
2017-11-17,8,3.208246416666667,3.1357867583333334,0.024972339833333336,0.022128687416666667,1.2740715916666667,422.5559558333333,1.0,True
2017-11-18,9,3.14722765,3.1116040833333334,0.017519899516666666,0.007034107460833333,1.4141593000000001,855.1804766666667,1.0,True
2017-11-19,5,3.1819383333333335,3.1409753833333336,0.023107338666666664,0.016981816766666664,1.3303822166666668,962.4459833333333,1.0,True
2017-11-20,8,3.2196941666666663,3.1619146333333332,0.028446964999999998,0.023553079166666664,1.2789076000000001,551.6069341666666,1.0,True
2017-11-22,7,3.2059474166666666,3.1844923833333336,0.029025385,0.025974806,1.3066592666666668,819.8896233333332,1.0,True
2017-11-23,5,3.1888140833333334,3.1761928833333335,0.029267555833333334,0.024606260333333334,1.2531594116666667,846.6080766666668,1.0,True
2017-11-24,7,3.19243005,3.1870309833333335,0.027596351,0.0254782035,1.2245306166666665,638.889645,1.0,True
2017-11-25,8,3.218138433333333,3.19452215,0.025156430833333333,0.0212277304,1.2710829833333332,814.4722016666667,1.0,True
2017-11-26,7,3.1908731333333336,3.177835266666667,0.029803809333333334,0.027894227166666667,1.2319169816666669,379.88559333333336,1.0,True
2017-11-27,8,3.2172158166666667,3.186893525,0.030862037999999998,0.028211895,1.2469241549999999,633.2196274999999,1.0,True
2017-11-28,4,3.181163,3.181163,0.0,0.0,0.0,304.96073916666666,1.0,True
2017-11-29,6,3.181163,3.181163,0.0,0.0,0.0,749.6643158333333,1.0,True
2017-11-30,2,3.181163,3.181163,0.0,0.0,0.0,374.2325917416666,1.0,True
2017-12-13,3,3.520407333333333,3.4926891833333333,0.017518436066666664,0.015633226650000002,1.4079553333333334,544.2061833333333,1.0,True
2017-12-14,6,3.3619496166666663,3.3304148416666663,0.016362239211666667,0.008731625643333334,1.4480186833333333,501.32400583333333,1.0,True
2017-12-15,8,3.3752005333333335,3.3402491166666666,0.030494758666666667,0.027001111166666668,1.307226075,815.0562666666667,1.0,True
2017-12-16,6,3.3378122833333332,3.295021675,0.024455825,0.019103393575,1.2957175916666668,596.5659833333334,1.0,True
2017-12-17,5,3.2225926333333335,3.2142257499999998,0.010709840316666667,0.006963930669999999,1.3554118816666665,385.753185,1.0,True
2017-12-18,8,3.3495265833333336,3.297258283333333,0.027004446100000003,0.024160531333333332,1.2654173141666667,676.8073216666667,1.0,True
2017-12-19,8,3.3300045833333334,3.281434775,0.029347568333333334,0.020838586925,1.3142120999999998,679.9861725000001,1.0,True
2017-12-20,8,3.3302614999999998,3.2912478500000004,0.03465269283333334,0.029987305083333332,1.2335341525,768.6963441666667,1.0,True
2017-12-21,4,3.08058395,3.071357191666667,-0.009967375775,-0.01244924352175,1.5291983916666667,209.42851941666666,1.0,True
2017-12-22,8,531.1957743333334,3.234328708333333,577.7745716666667,0.02094164965,1.5118811416666667,816.206915,0.6583333333333333,False
2017-12-23,7,800.180425,559.8796299999999,866.3487700000001,609.2834633333333,259.6239283333333,685.6402016666667,0.0,False
2017-12-24,8,851.8746766666667,369.5959633333333,919.21325,404.7017125,269.56657916666666,748.131725,0.0,False
2017-12-25,8,837.043255,677.7629816666667,903.5379383333333,731.4615383333334,268.8379791666667,795.3247991666667,0.0,False
2017-12-26,1,89.5153685,89.5153685,104.71723416666667,104.71723416666667,279.9681483333333,222.3350716666667,0.0,False
2017-12-27,8,835.3664583333334,660.5530008333333,906.7475166666667,717.3341791666667,260.52907416666665,798.15482,0.0,False
2017-12-28,8,570.1458083333333,406.9215325,617.9380466666667,443.2606166666667,265.18240333333335,472.40528833333326,0.0,False
2017-12-29,3,339.3613066666667,290.517355,375.1524816666667,322.584425,261.12022333333334,354.78838,0.0,False
2017-12-30,7,822.0871549999999,738.4511216666667,889.0009416666667,794.7350133333333,266.16546166666666,740.8224833333334,0.0,False
2017-12-31,1,302.78991,302.78991,329.20629166666663,329.20629166666663,279.82085666666666,351.56876,0.0,False
