site,case_id,case_group,phase,method,n,fallback_fraction,global_fallback_fraction,mean_pool,mean_effective_n,mean_score_age_h,nesting_repaired_fraction
reserve10,clean,primary,normal,aci_bounded,15836,0.0,0.0,359.2281510482445,359.2281510482445,4.848130841121495,0.23313968173781258
reserve10,clean,primary,normal,mask50,15836,0.0,0.04533973225562011,359.2281510482445,245.09361016536707,4.848130841121495,0.23762313715584743
reserve10,clean,primary,normal,mi_recency,15836,0.0,0.0,359.2281510482445,265.5394118637036,4.848130841121495,0.39043950492548624
reserve10,clean,primary,normal,physical,15836,0.0,0.0,359.2281510482445,190.5701810337676,4.848130841121495,0.26098762313715584
reserve10,clean,primary,normal,physical_availability,15836,0.0,0.004609749936852741,359.2281510482445,170.9891969040232,4.848130841121495,0.2642081333670119
reserve10,clean,primary,normal,physical_recovery,15836,0.0,0.007893407426117707,359.2281510482445,172.30198867873722,4.848130841121495,0.2624400101035615
reserve10,clean,primary,normal,recency,15836,0.0,0.0,359.2281510482445,265.5394118637036,4.848130841121495,0.23654963374589544
reserve10,clean,primary,normal,rolling,15836,0.0,0.0,359.2281510482445,359.2281510482445,4.848130841121495,0.22461480171760545
reserve10,pv_only,primary,normal,aci_bounded,12450,0.0,0.0,359.81751004016064,359.81751004016064,4.885060240963855,0.2270682730923695
reserve10,pv_only,primary,normal,mask50,12450,0.0,0.05566265060240964,359.81751004016064,235.48250421294637,4.885060240963855,0.23261044176706827
reserve10,pv_only,primary,normal,mi_recency,12450,0.0,0.0,359.81751004016064,266.0828408657243,4.885060240963855,0.3895582329317269
reserve10,pv_only,primary,normal,physical,12450,0.0,0.0,359.81751004016064,190.45539674944143,4.885060240963855,0.2556626506024096
reserve10,pv_only,primary,normal,physical_availability,12450,0.0,0.004899598393574297,359.81751004016064,163.62770881055727,4.885060240963855,0.2640160642570281
reserve10,pv_only,primary,normal,physical_recovery,12450,0.0,0.008433734939759036,359.81751004016064,158.36694608199244,4.885060240963855,0.26160642570281123
reserve10,pv_only,primary,normal,recency,12450,0.0,0.0,359.81751004016064,266.0828408657243,4.885060240963855,0.23269076305220884
reserve10,pv_only,primary,normal,rolling,12450,0.0,0.0,359.81751004016064,359.81751004016064,4.885060240963855,0.22224899598393574
reserve10,pv_only,primary,partial_restoration,aci_bounded,1193,0.0,0.0,352.9916177703269,352.9916177703269,14.559932942162614,0.25230511316010057
reserve10,pv_only,primary,partial_restoration,mask50,1193,0.0,0.22296730930427494,352.9916177703269,234.60314554249342,14.559932942162614,0.2564962279966471
reserve10,pv_only,primary,partial_restoration,mi_recency,1193,0.0,0.0,352.9916177703269,261.28135847745074,14.559932942162614,0.39983235540653816
reserve10,pv_only,primary,partial_restoration,physical,1193,0.0,0.0,352.9916177703269,188.7205217713065,14.559932942162614,0.30176026823134955
reserve10,pv_only,primary,partial_restoration,physical_availability,1193,0.0,0.09052808046940486,352.9916177703269,143.87744773378648,14.559932942162614,0.28918692372170995
reserve10,pv_only,primary,partial_restoration,physical_recovery,1193,0.0,0.09052808046940486,352.9916177703269,144.11251447305906,14.559932942162614,0.2900251466890193
reserve10,pv_only,primary,partial_restoration,recency,1193,0.0,0.0,352.9916177703269,261.28135847745074,14.559932942162614,0.2640402347024308
reserve10,pv_only,primary,partial_restoration,rolling,1193,0.0,0.0,352.9916177703269,352.9916177703269,14.559932942162614,0.24224643755238895
reserve10,pv_only,primary,recovery_0_6,aci_bounded,510,0.0,0.0,365.03333333333336,365.03333333333336,4.529411764705882,0.2235294117647059
reserve10,pv_only,primary,recovery_0_6,mask50,510,0.0,0.0,365.03333333333336,237.30345722393216,4.529411764705882,0.22941176470588234
reserve10,pv_only,primary,recovery_0_6,mi_recency,510,0.0,0.0,365.03333333333336,270.0336886055249,4.529411764705882,0.3686274509803922
reserve10,pv_only,primary,recovery_0_6,physical,510,0.0,0.0,365.03333333333336,193.53705051595563,4.529411764705882,0.22745098039215686
reserve10,pv_only,primary,recovery_0_6,physical_availability,510,0.0,0.0,365.03333333333336,170.19808035117964,4.529411764705882,0.2235294117647059
reserve10,pv_only,primary,recovery_0_6,physical_recovery,510,0.0,0.027450980392156862,365.03333333333336,144.83803683559938,4.529411764705882,0.22549019607843138
reserve10,pv_only,primary,recovery_0_6,recency,510,0.0,0.0,365.03333333333336,270.0336886055249,4.529411764705882,0.23529411764705882
reserve10,pv_only,primary,recovery_0_6,rolling,510,0.0,0.0,365.03333333333336,365.03333333333336,4.529411764705882,0.22156862745098038
reserve10,pv_only,primary,recovery_6_24,aci_bounded,1683,0.0,0.0,355.2002376708259,355.2002376708259,4.796197266785502,0.24896019013666074
reserve10,pv_only,primary,recovery_6_24,mask50,1683,0.0,0.026143790849673203,355.2002376708259,230.98065661898073,4.796197266785502,0.25549613784907904
reserve10,pv_only,primary,recovery_6_24,mi_recency,1683,0.0,0.0,355.2002376708259,262.3236575724708,4.796197266785502,0.39334521687462864
reserve10,pv_only,primary,recovery_6_24,physical,1683,0.0,0.0,355.2002376708259,189.2869721614824,4.796197266785502,0.28520499108734404
reserve10,pv_only,primary,recovery_6_24,physical_availability,1683,0.0,0.0071301247771836,355.2002376708259,166.972306739344,4.796197266785502,0.27807486631016043
reserve10,pv_only,primary,recovery_6_24,physical_recovery,1683,0.0,0.0112893642305407,355.2002376708259,147.62373426860364,4.796197266785502,0.2947118241235888
reserve10,pv_only,primary,recovery_6_24,recency,1683,0.0,0.0,355.2002376708259,262.3236575724708,4.796197266785502,0.25252525252525254
reserve10,pv_only,primary,recovery_6_24,rolling,1683,0.0,0.0,355.2002376708259,355.2002376708259,4.796197266785502,0.23885918003565063
reserve10,irradiance_only,primary,normal,aci_bounded,12450,0.0,0.0,359.81751004016064,359.81751004016064,4.885060240963855,0.22650602409638554
reserve10,irradiance_only,primary,normal,mask50,12450,0.0,0.05534136546184739,359.81751004016064,235.4678701901204,4.885060240963855,0.23261044176706827
reserve10,irradiance_only,primary,normal,mi_recency,12450,0.0,0.0,359.81751004016064,266.0828408657243,4.885060240963855,0.39309236947791165
reserve10,irradiance_only,primary,normal,physical,12450,0.0,0.0,359.81751004016064,187.56403734862099,4.885060240963855,0.25662650602409637
reserve10,irradiance_only,primary,normal,physical_availability,12450,0.0,0.0045783132530120485,359.81751004016064,161.96569982341595,4.885060240963855,0.26506024096385544
reserve10,irradiance_only,primary,normal,physical_recovery,12450,0.0,0.008112449799196788,359.81751004016064,156.72875752628707,4.885060240963855,0.26265060240963856
reserve10,irradiance_only,primary,normal,recency,12450,0.0,0.0,359.81751004016064,266.0828408657243,4.885060240963855,0.2304417670682731
reserve10,irradiance_only,primary,normal,rolling,12450,0.0,0.0,359.81751004016064,359.81751004016064,4.885060240963855,0.22
reserve10,irradiance_only,primary,partial_restoration,aci_bounded,1193,0.0,0.0,356.2782900251467,356.2782900251467,4.672254819782062,0.2548197820620285
reserve10,irradiance_only,primary,partial_restoration,mask50,1193,0.0,0.22212908633696563,356.2782900251467,235.64829507160806,4.672254819782062,0.26236378876781224
reserve10,irradiance_only,primary,partial_restoration,mi_recency,1193,0.0,0.0,356.2782900251467,262.4835378139631,4.672254819782062,0.3738474434199497
reserve10,irradiance_only,primary,partial_restoration,physical,1193,0.0,0.0,356.2782900251467,185.8937323398417,4.672254819782062,0.2875104777870914
reserve10,irradiance_only,primary,partial_restoration,physical_availability,1193,0.0,0.053646269907795474,356.2782900251467,125.89083441772063,4.672254819782062,0.297569153394803
reserve10,irradiance_only,primary,partial_restoration,physical_recovery,1193,0.0,0.056160938809723386,356.2782900251467,126.14811377728645,4.672254819782062,0.297569153394803
reserve10,irradiance_only,primary,partial_restoration,recency,1193,0.0,0.0,356.2782900251467,262.4835378139631,4.672254819782062,0.26655490360435874
reserve10,irradiance_only,primary,partial_restoration,rolling,1193,0.0,0.0,356.2782900251467,356.2782900251467,4.672254819782062,0.24811399832355407
reserve10,irradiance_only,primary,recovery_0_6,aci_bounded,510,0.0,0.0,365.03333333333336,365.03333333333336,4.529411764705882,0.21568627450980393
reserve10,irradiance_only,primary,recovery_0_6,mask50,510,0.0,0.0,365.03333333333336,237.30345722393216,4.529411764705882,0.22745098039215686
reserve10,irradiance_only,primary,recovery_0_6,mi_recency,510,0.0,0.0,365.03333333333336,270.0336886055249,4.529411764705882,0.3686274509803922
reserve10,irradiance_only,primary,recovery_0_6,physical,510,0.0,0.0,365.03333333333336,189.58175191900614,4.529411764705882,0.22941176470588234
reserve10,irradiance_only,primary,recovery_0_6,physical_availability,510,0.0,0.0,365.03333333333336,168.5130323911607,4.529411764705882,0.22745098039215686
reserve10,irradiance_only,primary,recovery_0_6,physical_recovery,510,0.0,0.027450980392156862,365.03333333333336,142.48847905750645,4.529411764705882,0.23333333333333334
reserve10,irradiance_only,primary,recovery_0_6,recency,510,0.0,0.0,365.03333333333336,270.0336886055249,4.529411764705882,0.22549019607843138
reserve10,irradiance_only,primary,recovery_0_6,rolling,510,0.0,0.0,365.03333333333336,365.03333333333336,4.529411764705882,0.21176470588235294
reserve10,irradiance_only,primary,recovery_6_24,aci_bounded,1683,0.0,0.0,355.2002376708259,355.2002376708259,4.796197266785502,0.24717765894236482
reserve10,irradiance_only,primary,recovery_6_24,mask50,1683,0.0,0.026143790849673203,355.2002376708259,230.98065661898073,4.796197266785502,0.2560903149138443
reserve10,irradiance_only,primary,recovery_6_24,mi_recency,1683,0.0,0.0,355.2002376708259,262.3236575724708,4.796197266785502,0.39572192513368987
reserve10,irradiance_only,primary,recovery_6_24,physical,1683,0.0,0.0,355.2002376708259,188.42348385172843,4.796197266785502,0.28045157456922165
reserve10,irradiance_only,primary,recovery_6_24,physical_availability,1683,0.0,0.0071301247771836,355.2002376708259,164.78657988488902,4.796197266785502,0.2798573975044563
reserve10,irradiance_only,primary,recovery_6_24,physical_recovery,1683,0.0,0.0112893642305407,355.2002376708259,145.5594147970793,4.796197266785502,0.29590017825311943
reserve10,irradiance_only,primary,recovery_6_24,recency,1683,0.0,0.0,355.2002376708259,262.3236575724708,4.796197266785502,0.25074272133095665
reserve10,irradiance_only,primary,recovery_6_24,rolling,1683,0.0,0.0,355.2002376708259,355.2002376708259,4.796197266785502,0.23469994058229351
reserve10,joint_immediate,primary,normal,aci_bounded,12450,0.0,0.0,359.81751004016064,359.81751004016064,4.885060240963855,0.23036144578313253
reserve10,joint_immediate,primary,normal,mask50,12450,0.0,0.05518072289156627,359.81751004016064,235.3957842662013,4.885060240963855,0.23269076305220884
reserve10,joint_immediate,primary,normal,mi_recency,12450,0.0,0.0,359.81751004016064,266.0828408657243,4.885060240963855,0.38819277108433736
reserve10,joint_immediate,primary,normal,physical,12450,0.0,0.0,359.81751004016064,186.88957309199557,4.885060240963855,0.2568674698795181
reserve10,joint_immediate,primary,normal,physical_availability,12450,0.0,0.004257028112449799,359.81751004016064,161.58790883789177,4.885060240963855,0.2657028112449799
reserve10,joint_immediate,primary,normal,physical_recovery,12450,0.0,0.007791164658634538,359.81751004016064,156.64352842115508,4.885060240963855,0.2632931726907631
reserve10,joint_immediate,primary,normal,recency,12450,0.0,0.0,359.81751004016064,266.0828408657243,4.885060240963855,0.23301204819277108
reserve10,joint_immediate,primary,normal,rolling,12450,0.0,0.0,359.81751004016064,359.81751004016064,4.885060240963855,0.22048192771084338
reserve10,joint_immediate,primary,outage,aci_bounded,1193,0.0,0.0,352.9916177703269,352.9916177703269,14.559932942162614,0.2573344509639564
reserve10,joint_immediate,primary,outage,mask50,1193,0.0,0.2196144174350377,352.9916177703269,233.66856395446732,14.559932942162614,0.26655490360435874
reserve10,joint_immediate,primary,outage,mi_recency,1193,0.0,0.0,352.9916177703269,261.28135847745074,14.559932942162614,0.3721709974853311
reserve10,joint_immediate,primary,outage,physical,1193,0.0,0.0,352.9916177703269,189.06197478535344,14.559932942162614,0.30259849119865884
reserve10,joint_immediate,primary,outage,physical_availability,1193,0.0,0.009220452640402346,352.9916177703269,122.64558891245251,14.559932942162614,0.32606873428331934
reserve10,joint_immediate,primary,outage,physical_recovery,1193,0.0,0.009220452640402346,352.9916177703269,122.64558891245251,14.559932942162614,0.32606873428331934
reserve10,joint_immediate,primary,outage,recency,1193,0.0,0.0,352.9916177703269,261.28135847745074,14.559932942162614,0.26487845766974016
reserve10,joint_immediate,primary,outage,rolling,1193,0.0,0.0,352.9916177703269,352.9916177703269,14.559932942162614,0.24056999161777032
reserve10,joint_immediate,primary,recovery_0_6,aci_bounded,510,0.0,0.0,365.03333333333336,365.03333333333336,4.529411764705882,0.21176470588235294
reserve10,joint_immediate,primary,recovery_0_6,mask50,510,0.0,0.0,365.03333333333336,237.30345722393216,4.529411764705882,0.22745098039215686
reserve10,joint_immediate,primary,recovery_0_6,mi_recency,510,0.0,0.0,365.03333333333336,270.0336886055249,4.529411764705882,0.36470588235294116
reserve10,joint_immediate,primary,recovery_0_6,physical,510,0.0,0.0,365.03333333333336,188.73912338291368,4.529411764705882,0.22745098039215686
reserve10,joint_immediate,primary,recovery_0_6,physical_availability,510,0.0,0.0,365.03333333333336,168.2579900818462,4.529411764705882,0.22549019607843138
reserve10,joint_immediate,primary,recovery_0_6,physical_recovery,510,0.0,0.01568627450980392,365.03333333333336,141.39720276008018,4.529411764705882,0.23529411764705882
reserve10,joint_immediate,primary,recovery_0_6,recency,510,0.0,0.0,365.03333333333336,270.0336886055249,4.529411764705882,0.22156862745098038
reserve10,joint_immediate,primary,recovery_0_6,rolling,510,0.0,0.0,365.03333333333336,365.03333333333336,4.529411764705882,0.21372549019607842
reserve10,joint_immediate,primary,recovery_6_24,aci_bounded,1683,0.0,0.0,355.2002376708259,355.2002376708259,4.796197266785502,0.25133689839572193
reserve10,joint_immediate,primary,recovery_6_24,mask50,1683,0.0,0.024955436720142603,355.2002376708259,230.90386120682388,4.796197266785502,0.25252525252525254
reserve10,joint_immediate,primary,recovery_6_24,mi_recency,1683,0.0,0.0,355.2002376708259,262.3236575724708,4.796197266785502,0.39215686274509803
reserve10,joint_immediate,primary,recovery_6_24,physical,1683,0.0,0.0,355.2002376708259,187.7001148222572,4.796197266785502,0.28045157456922165
reserve10,joint_immediate,primary,recovery_6_24,physical_availability,1683,0.0,0.0059417706476530005,355.2002376708259,164.4378498040771,4.796197266785502,0.2828282828282828
reserve10,joint_immediate,primary,recovery_6_24,physical_recovery,1683,0.0,0.007724301841948901,355.2002376708259,145.40106060664144,4.796197266785502,0.29411764705882354
reserve10,joint_immediate,primary,recovery_6_24,recency,1683,0.0,0.0,355.2002376708259,262.3236575724708,4.796197266785502,0.25252525252525254
reserve10,joint_immediate,primary,recovery_6_24,rolling,1683,0.0,0.0,355.2002376708259,355.2002376708259,4.796197266785502,0.24123588829471182
reserve10,joint_gradual,primary,normal,aci_bounded,12450,0.0,0.0,359.81751004016064,359.81751004016064,4.885060240963855,0.22955823293172692
reserve10,joint_gradual,primary,normal,mask50,12450,0.0,0.05518072289156627,359.81751004016064,232.56313687853074,4.885060240963855,0.23566265060240965
reserve10,joint_gradual,primary,normal,mi_recency,12450,0.0,0.0,359.81751004016064,266.0828408657243,4.885060240963855,0.38755020080321284
reserve10,joint_gradual,primary,normal,physical,12450,0.0,0.0,359.81751004016064,186.85793386742438,4.885060240963855,0.25734939759036146
reserve10,joint_gradual,primary,normal,physical_availability,12450,0.0,0.0034538152610441766,359.81751004016064,159.5422860313884,4.885060240963855,0.266425702811245
reserve10,joint_gradual,primary,normal,physical_recovery,12450,0.0,0.005943775100401606,359.81751004016064,156.355311430149,4.885060240963855,0.2629718875502008
reserve10,joint_gradual,primary,normal,recency,12450,0.0,0.0,359.81751004016064,266.0828408657243,4.885060240963855,0.2325301204819277
reserve10,joint_gradual,primary,normal,rolling,12450,0.0,0.0,359.81751004016064,359.81751004016064,4.885060240963855,0.2193574297188755
reserve10,joint_gradual,primary,outage,aci_bounded,1193,0.0,0.0,352.9916177703269,352.9916177703269,14.559932942162614,0.2548197820620285
reserve10,joint_gradual,primary,outage,mask50,1193,0.0,0.2196144174350377,352.9916177703269,233.66856395446732,14.559932942162614,0.2640402347024308
reserve10,joint_gradual,primary,outage,mi_recency,1193,0.0,0.0,352.9916177703269,261.28135847745074,14.559932942162614,0.3721709974853311
reserve10,joint_gradual,primary,outage,physical,1193,0.0,0.0,352.9916177703269,189.12074920356164,14.559932942162614,0.30092204526404026
reserve10,joint_gradual,primary,outage,physical_availability,1193,0.0,0.009220452640402346,352.9916177703269,122.67966746234772,14.559932942162614,0.32439228834870076
reserve10,joint_gradual,primary,outage,physical_recovery,1193,0.0,0.009220452640402346,352.9916177703269,122.67966746234772,14.559932942162614,0.32439228834870076
reserve10,joint_gradual,primary,outage,recency,1193,0.0,0.0,352.9916177703269,261.28135847745074,14.559932942162614,0.26320201173512153
reserve10,joint_gradual,primary,outage,rolling,1193,0.0,0.0,352.9916177703269,352.9916177703269,14.559932942162614,0.23973176865046103
reserve10,joint_gradual,primary,recovery_0_6,aci_bounded,510,0.0,0.0,363.2392156862745,363.2392156862745,4.6607843137254905,0.22941176470588234
reserve10,joint_gradual,primary,recovery_0_6,mask50,510,0.0,0.07450980392156863,363.2392156862745,234.00352266575814,4.6607843137254905,0.23137254901960785
reserve10,joint_gradual,primary,recovery_0_6,mi_recency,510,0.0,0.0,363.2392156862745,269.32155139291046,4.6607843137254905,0.3607843137254902
reserve10,joint_gradual,primary,recovery_0_6,physical,510,0.0,0.0,363.2392156862745,188.6315904812879,4.6607843137254905,0.22549019607843138
reserve10,joint_gradual,primary,recovery_0_6,physical_availability,510,0.0,0.00784313725490196,363.2392156862745,141.16642986890352,4.6607843137254905,0.23529411764705882
reserve10,joint_gradual,primary,recovery_0_6,physical_recovery,510,0.0,0.027450980392156862,363.2392156862745,142.21332916084714,4.6607843137254905,0.23921568627450981
reserve10,joint_gradual,primary,recovery_0_6,recency,510,0.0,0.0,363.2392156862745,269.32155139291046,4.6607843137254905,0.22549019607843138
reserve10,joint_gradual,primary,recovery_0_6,rolling,510,0.0,0.0,363.2392156862745,363.2392156862745,4.6607843137254905,0.22549019607843138
reserve10,joint_gradual,primary,recovery_6_24,aci_bounded,1683,0.0,0.0,355.2002376708259,355.2002376708259,4.796197266785502,0.25074272133095665
reserve10,joint_gradual,primary,recovery_6_24,mask50,1683,0.0,0.024955436720142603,355.2002376708259,228.0402621403545,4.796197266785502,0.25727866904337493
reserve10,joint_gradual,primary,recovery_6_24,mi_recency,1683,0.0,0.0,355.2002376708259,262.3236575724708,4.796197266785502,0.3909685086155674
reserve10,joint_gradual,primary,recovery_6_24,physical,1683,0.0,0.0,355.2002376708259,187.61985299924274,4.796197266785502,0.28045157456922165
reserve10,joint_gradual,primary,recovery_6_24,physical_availability,1683,0.0,0.0,355.2002376708259,161.75072786631142,4.796197266785502,0.28342245989304815
reserve10,joint_gradual,primary,recovery_6_24,physical_recovery,1683,0.0,0.0071301247771836,355.2002376708259,145.2728504174123,4.796197266785502,0.29530600118835415
reserve10,joint_gradual,primary,recovery_6_24,recency,1683,0.0,0.0,355.2002376708259,262.3236575724708,4.796197266785502,0.2501485442661913
reserve10,joint_gradual,primary,recovery_6_24,rolling,1683,0.0,0.0,355.2002376708259,355.2002376708259,4.796197266785502,0.23945335710041593
reserve10,joint_none,primary,normal,aci_bounded,12450,0.0,0.0,333.9053815261044,333.9053815261044,4.8963052208835345,0.22843373493975905
reserve10,joint_none,primary,normal,mask50,12450,0.0,0.0576706827309237,333.9053815261044,190.9696302041316,4.8963052208835345,0.24562248995983935
reserve10,joint_none,primary,normal,mi_recency,12450,0.0,0.0,333.9053815261044,246.50445436559153,4.8963052208835345,0.38345381526104416
reserve10,joint_none,primary,normal,physical,12450,0.0,0.0,333.9053815261044,175.2736744516248,4.8963052208835345,0.2595983935742972
reserve10,joint_none,primary,normal,physical_availability,12450,0.0,0.004257028112449799,333.9053815261044,135.4785288447592,4.8963052208835345,0.2801606425702811
reserve10,joint_none,primary,normal,physical_recovery,12450,0.0,0.004738955823293173,333.9053815261044,134.9729286061369,4.8963052208835345,0.2778313253012048
reserve10,joint_none,primary,normal,recency,12450,0.0,0.0,333.9053815261044,246.50445436559153,4.8963052208835345,0.23566265060240965
reserve10,joint_none,primary,normal,rolling,12450,0.0,0.0,333.9053815261044,333.9053815261044,4.8963052208835345,0.2229718875502008
reserve10,joint_none,primary,outage,aci_bounded,1193,0.0,0.0,327.1349538977368,327.1349538977368,14.559932942162614,0.2564962279966471
reserve10,joint_none,primary,outage,mask50,1193,0.0,0.8147527242246437,327.1349538977368,236.19941209057566,14.559932942162614,0.26823134953897737
reserve10,joint_none,primary,outage,mi_recency,1193,0.0,0.0,327.1349538977368,242.30907483763858,14.559932942162614,0.36546521374685664
reserve10,joint_none,primary,outage,physical,1193,0.0,0.0,327.1349538977368,177.98073853941088,14.559932942162614,0.3067896060352054
reserve10,joint_none,primary,outage,physical_availability,1193,0.0,0.14836546521374686,327.1349538977368,149.98087466062694,14.559932942162614,0.30595138306789604
reserve10,joint_none,primary,outage,physical_recovery,1193,0.0,0.14836546521374686,327.1349538977368,149.98087466062694,14.559932942162614,0.30595138306789604
reserve10,joint_none,primary,outage,recency,1193,0.0,0.0,327.1349538977368,242.30907483763858,14.559932942162614,0.27242246437552387
reserve10,joint_none,primary,outage,rolling,1193,0.0,0.0,327.1349538977368,327.1349538977368,14.559932942162614,0.24224643755238895
reserve10,joint_none,primary,recovery_0_6,aci_bounded,510,0.0,0.0,336.30392156862746,336.30392156862746,5.427450980392157,0.24509803921568626
reserve10,joint_none,primary,recovery_0_6,mask50,510,0.0,0.13137254901960785,336.30392156862746,219.54139620843833,5.427450980392157,0.25098039215686274
reserve10,joint_none,primary,recovery_0_6,mi_recency,510,0.0,0.0,336.30392156862746,250.0748174733974,5.427450980392157,0.3568627450980392
reserve10,joint_none,primary,recovery_0_6,physical,510,0.0,0.0,336.30392156862746,178.30507098953288,5.427450980392157,0.24313725490196078
reserve10,joint_none,primary,recovery_0_6,physical_availability,510,0.0,0.00980392156862745,336.30392156862746,111.1429689054405,5.427450980392157,0.2549019607843137
reserve10,joint_none,primary,recovery_0_6,physical_recovery,510,0.0,0.011764705882352941,336.30392156862746,123.73557797245488,5.427450980392157,0.2568627450980392
reserve10,joint_none,primary,recovery_0_6,recency,510,0.0,0.0,336.30392156862746,250.0748174733974,5.427450980392157,0.24509803921568626
reserve10,joint_none,primary,recovery_0_6,rolling,510,0.0,0.0,336.30392156862746,336.30392156862746,5.427450980392157,0.24509803921568626
reserve10,joint_none,primary,recovery_6_24,aci_bounded,1683,0.0,0.0,322.9714795008913,322.9714795008913,5.847296494355318,0.22756981580510993
reserve10,joint_none,primary,recovery_6_24,mask50,1683,0.0,0.10992275698158051,322.9714795008913,213.36537714144157,5.847296494355318,0.24004753416518124
reserve10,joint_none,primary,recovery_6_24,mi_recency,1683,0.0,0.0,322.9714795008913,240.70498717225428,5.847296494355318,0.38740344622697565
reserve10,joint_none,primary,recovery_6_24,physical,1683,0.0,0.0,322.9714795008913,173.48287765642215,5.847296494355318,0.26024955436720143
reserve10,joint_none,primary,recovery_6_24,physical_availability,1683,0.0,0.0017825311942959,322.9714795008913,111.82702455654514,5.847296494355318,0.2935234699940582
reserve10,joint_none,primary,recovery_6_24,physical_recovery,1683,0.0,0.0035650623885918,322.9714795008913,109.41383516102735,5.847296494355318,0.29233511586452765
reserve10,joint_none,primary,recovery_6_24,recency,1683,0.0,0.0,322.9714795008913,240.70498717225428,5.847296494355318,0.22697563874034463
reserve10,joint_none,primary,recovery_6_24,rolling,1683,0.0,0.0,322.9714795008913,322.9714795008913,5.847296494355318,0.2251931075460487
reserve10,irradiance_first,primary,normal,aci_bounded,12172,0.0,0.0,359.6851790995728,359.6851790995728,4.897551758133421,0.23020046007229708
reserve10,irradiance_first,primary,normal,mask50,12172,0.0,0.055208675649030564,359.6851790995728,229.12904358280605,4.897551758133421,0.23652645415708182
reserve10,irradiance_first,primary,normal,mi_recency,12172,0.0,0.0,359.6851790995728,265.99264327298215,4.897551758133421,0.3875287545185672
reserve10,irradiance_first,primary,normal,physical,12172,0.0,0.0,359.6851790995728,186.58736545655157,4.897551758133421,0.2582155767334867
reserve10,irradiance_first,primary,normal,physical_availability,12172,0.0,0.004354255668747946,359.6851790995728,157.3787366281485,4.897551758133421,0.2686493591850148
reserve10,irradiance_first,primary,normal,physical_recovery,12172,0.0,0.007394019060138022,359.6851790995728,154.74216935852343,4.897551758133421,0.26421294774893195
reserve10,irradiance_first,primary,normal,recency,12172,0.0,0.0,359.6851790995728,265.99264327298215,4.897551758133421,0.23307591192901742
reserve10,irradiance_first,primary,normal,rolling,12172,0.0,0.0,359.6851790995728,359.6851790995728,4.897551758133421,0.22001314492277357
reserve10,irradiance_first,primary,outage,aci_bounded,1193,0.0,0.0,352.9916177703269,352.9916177703269,14.559932942162614,0.2573344509639564
reserve10,irradiance_first,primary,outage,mask50,1193,0.0,0.2196144174350377,352.9916177703269,233.66856395446732,14.559932942162614,0.26152556580050296
reserve10,irradiance_first,primary,outage,mi_recency,1193,0.0,0.0,352.9916177703269,261.28135847745074,14.559932942162614,0.37133277451802177
reserve10,irradiance_first,primary,outage,physical,1193,0.0,0.0,352.9916177703269,189.0748700653582,14.559932942162614,0.29924559932942163
reserve10,irradiance_first,primary,outage,physical_availability,1193,0.0,0.009220452640402346,352.9916177703269,122.6546200841328,14.559932942162614,0.32606873428331934
reserve10,irradiance_first,primary,outage,physical_recovery,1193,0.0,0.009220452640402346,352.9916177703269,122.6546200841328,14.559932942162614,0.32606873428331934
reserve10,irradiance_first,primary,outage,recency,1193,0.0,0.0,352.9916177703269,261.28135847745074,14.559932942162614,0.26236378876781224
reserve10,irradiance_first,primary,outage,rolling,1193,0.0,0.0,352.9916177703269,352.9916177703269,14.559932942162614,0.23889354568315171
reserve10,irradiance_first,primary,partial_restoration,aci_bounded,275,0.0,0.0,359.3018181818182,359.3018181818182,19.509090909090908,0.24
reserve10,irradiance_first,primary,partial_restoration,mask50,275,0.0,0.13818181818181818,359.3018181818182,232.85461079784497,19.509090909090908,0.21454545454545454
reserve10,irradiance_first,primary,partial_restoration,mi_recency,275,0.0,0.0,359.3018181818182,267.49484949900466,19.509090909090908,0.4509090909090909
reserve10,irradiance_first,primary,partial_restoration,physical,275,0.0,0.0,359.3018181818182,186.73891354455745,19.509090909090908,0.2509090909090909
reserve10,irradiance_first,primary,partial_restoration,physical_availability,275,0.0,0.04,359.3018181818182,150.14418514288494,19.509090909090908,0.24
reserve10,irradiance_first,primary,partial_restoration,physical_recovery,275,0.0,0.04,359.3018181818182,150.14418514288494,19.509090909090908,0.24
reserve10,irradiance_first,primary,partial_restoration,recency,275,0.0,0.0,359.3018181818182,267.49484949900466,19.509090909090908,0.22181818181818183
reserve10,irradiance_first,primary,partial_restoration,rolling,275,0.0,0.0,359.3018181818182,359.3018181818182,19.509090909090908,0.24
reserve10,irradiance_first,primary,recovery_0_6,aci_bounded,484,0.0,0.0,361.5847107438017,361.5847107438017,4.857438016528926,0.2066115702479339
reserve10,irradiance_first,primary,recovery_0_6,mask50,484,0.0,0.08677685950413223,361.5847107438017,233.118344930833,4.857438016528926,0.21487603305785125
reserve10,irradiance_first,primary,recovery_0_6,mi_recency,484,0.0,0.0,361.5847107438017,268.8089282930587,4.857438016528926,0.30785123966942146
reserve10,irradiance_first,primary,recovery_0_6,physical,484,0.0,0.0,361.5847107438017,188.11143340999078,4.857438016528926,0.2334710743801653
reserve10,irradiance_first,primary,recovery_0_6,physical_availability,484,0.0,0.04338842975206612,361.5847107438017,158.93230399034056,4.857438016528926,0.2396694214876033
reserve10,irradiance_first,primary,recovery_0_6,physical_recovery,484,0.0,0.05165289256198347,361.5847107438017,151.6345949849267,4.857438016528926,0.24173553719008264
reserve10,irradiance_first,primary,recovery_0_6,recency,484,0.0,0.0,361.5847107438017,268.8089282930587,4.857438016528926,0.20867768595041322
reserve10,irradiance_first,primary,recovery_0_6,rolling,484,0.0,0.0,361.5847107438017,361.5847107438017,4.857438016528926,0.1962809917355372
reserve10,irradiance_first,primary,recovery_6_24,aci_bounded,1712,0.0,0.0,355.8539719626168,355.8539719626168,4.7266355140186915,0.24941588785046728
reserve10,irradiance_first,primary,recovery_6_24,mask50,1712,0.0,0.03329439252336448,355.8539719626168,224.72252826568555,4.7266355140186915,0.25
reserve10,irradiance_first,primary,recovery_6_24,mi_recency,1712,0.0,0.0,355.8539719626168,262.6131088490286,4.7266355140186915,0.40654205607476634
reserve10,irradiance_first,primary,recovery_6_24,physical,1712,0.0,0.0,355.8539719626168,187.41606654676676,4.7266355140186915,0.2797897196261682
reserve10,irradiance_first,primary,recovery_6_24,physical_availability,1712,0.0,0.005841121495327103,355.8539719626168,158.9539941413274,4.7266355140186915,0.2774532710280374
reserve10,irradiance_first,primary,recovery_6_24,physical_recovery,1712,0.0,0.018691588785046728,355.8539719626168,150.20691335529722,4.7266355140186915,0.2850467289719626
reserve10,irradiance_first,primary,recovery_6_24,recency,1712,0.0,0.0,355.8539719626168,262.6131088490286,4.7266355140186915,0.2517523364485981
reserve10,irradiance_first,primary,recovery_6_24,rolling,1712,0.0,0.0,355.8539719626168,355.8539719626168,4.7266355140186915,0.2371495327102804
reserve10,pv_first,primary,normal,aci_bounded,12172,0.0,0.0,359.6851790995728,359.6851790995728,4.897551758133421,0.23011830430496222
reserve10,pv_first,primary,normal,mask50,12172,0.0,0.055208675649030564,359.6851790995728,229.12904358280605,4.897551758133421,0.23652645415708182
reserve10,pv_first,primary,normal,mi_recency,12172,0.0,0.0,359.6851790995728,265.99264327298215,4.897551758133421,0.38695366414722315
reserve10,pv_first,primary,normal,physical,12172,0.0,0.0,359.6851790995728,185.747975277837,4.897551758133421,0.2567367729214591
reserve10,pv_first,primary,normal,physical_availability,12172,0.0,0.003614853762734144,359.6851790995728,156.9890745586945,4.897551758133421,0.26873151495234965
reserve10,pv_first,primary,normal,physical_recovery,12172,0.0,0.007394019060138022,359.6851790995728,154.4309825610192,4.897551758133421,0.26330923430824843
reserve10,pv_first,primary,normal,recency,12172,0.0,0.0,359.6851790995728,265.99264327298215,4.897551758133421,0.23184357541899442
reserve10,pv_first,primary,normal,rolling,12172,0.0,0.0,359.6851790995728,359.6851790995728,4.897551758133421,0.21976667762076899
reserve10,pv_first,primary,outage,aci_bounded,1193,0.0,0.0,352.9916177703269,352.9916177703269,14.559932942162614,0.2573344509639564
reserve10,pv_first,primary,outage,mask50,1193,0.0,0.2196144174350377,352.9916177703269,233.66856395446732,14.559932942162614,0.26487845766974016
reserve10,pv_first,primary,outage,mi_recency,1193,0.0,0.0,352.9916177703269,261.28135847745074,14.559932942162614,0.3721709974853311
reserve10,pv_first,primary,outage,physical,1193,0.0,0.0,352.9916177703269,188.82443142867243,14.559932942162614,0.28918692372170995
reserve10,pv_first,primary,outage,physical_availability,1193,0.0,0.009220452640402346,352.9916177703269,122.92469492237055,14.559932942162614,0.32187761944677284
reserve10,pv_first,primary,outage,physical_recovery,1193,0.0,0.009220452640402346,352.9916177703269,122.92469492237055,14.559932942162614,0.32187761944677284
reserve10,pv_first,primary,outage,recency,1193,0.0,0.0,352.9916177703269,261.28135847745074,14.559932942162614,0.26236378876781224
reserve10,pv_first,primary,outage,rolling,1193,0.0,0.0,352.9916177703269,352.9916177703269,14.559932942162614,0.24140821458507963
reserve10,pv_first,primary,partial_restoration,aci_bounded,275,0.0,0.0,361.89454545454544,361.89454545454544,4.738181818181818,0.26545454545454544
reserve10,pv_first,primary,partial_restoration,mask50,275,0.0,0.13818181818181818,361.89454545454544,233.68365635185347,4.738181818181818,0.28
reserve10,pv_first,primary,partial_restoration,mi_recency,275,0.0,0.0,361.89454545454544,268.4531971618887,4.738181818181818,0.41454545454545455
reserve10,pv_first,primary,partial_restoration,physical,275,0.0,0.0,361.89454545454544,174.08415321599884,4.738181818181818,0.2727272727272727
reserve10,pv_first,primary,partial_restoration,physical_availability,275,0.0,0.03272727272727273,361.89454545454544,132.62118744015,4.738181818181818,0.28
reserve10,pv_first,primary,partial_restoration,physical_recovery,275,0.0,0.03272727272727273,361.89454545454544,132.62118744015,4.738181818181818,0.28
reserve10,pv_first,primary,partial_restoration,recency,275,0.0,0.0,361.89454545454544,268.4531971618887,4.738181818181818,0.2727272727272727
reserve10,pv_first,primary,partial_restoration,rolling,275,0.0,0.0,361.89454545454544,361.89454545454544,4.738181818181818,0.26545454545454544
reserve10,pv_first,primary,recovery_0_6,aci_bounded,484,0.0,0.0,363.53512396694214,363.53512396694214,4.669421487603306,0.23553719008264462
reserve10,pv_first,primary,recovery_0_6,mask50,484,0.0,0.08677685950413223,363.53512396694214,233.80139280268452,4.669421487603306,0.23553719008264462
reserve10,pv_first,primary,recovery_0_6,mi_recency,484,0.0,0.0,363.53512396694214,269.6184921391002,4.669421487603306,0.30785123966942146
reserve10,pv_first,primary,recovery_0_6,physical,484,0.0,0.0,363.53512396694214,188.2240318800822,4.669421487603306,0.256198347107438
reserve10,pv_first,primary,recovery_0_6,physical_availability,484,0.0,0.04338842975206612,363.53512396694214,158.03103920472012,4.669421487603306,0.25826446280991733
reserve10,pv_first,primary,recovery_0_6,physical_recovery,484,0.0,0.05165289256198347,363.53512396694214,151.82596408408799,4.669421487603306,0.256198347107438
reserve10,pv_first,primary,recovery_0_6,recency,484,0.0,0.0,363.53512396694214,269.6184921391002,4.669421487603306,0.22933884297520662
reserve10,pv_first,primary,recovery_0_6,rolling,484,0.0,0.0,363.53512396694214,363.53512396694214,4.669421487603306,0.21487603305785125
reserve10,pv_first,primary,recovery_6_24,aci_bounded,1712,0.0,0.0,355.8539719626168,355.8539719626168,4.7266355140186915,0.24941588785046728
reserve10,pv_first,primary,recovery_6_24,mask50,1712,0.0,0.03329439252336448,355.8539719626168,224.72252826568555,4.7266355140186915,0.24824766355140188
reserve10,pv_first,primary,recovery_6_24,mi_recency,1712,0.0,0.0,355.8539719626168,262.6131088490286,4.7266355140186915,0.40420560747663553
reserve10,pv_first,primary,recovery_6_24,physical,1712,0.0,0.0,355.8539719626168,186.62498174052757,4.7266355140186915,0.2803738317757009
reserve10,pv_first,primary,recovery_6_24,physical_availability,1712,0.0,0.005841121495327103,355.8539719626168,158.55744466498246,4.7266355140186915,0.2780373831775701
reserve10,pv_first,primary,recovery_6_24,physical_recovery,1712,0.0,0.018691588785046728,355.8539719626168,149.72652600906966,4.7266355140186915,0.286214953271028
reserve10,pv_first,primary,recovery_6_24,recency,1712,0.0,0.0,355.8539719626168,262.6131088490286,4.7266355140186915,0.2488317757009346
reserve10,pv_first,primary,recovery_6_24,rolling,1712,0.0,0.0,355.8539719626168,355.8539719626168,4.7266355140186915,0.23656542056074767
reserve10,right_aligned,sensitivity,normal,physical,12450,0.0,0.0,359.8856224899598,186.85298664277158,4.885060240963855,0.2606425702811245
reserve10,right_aligned,sensitivity,normal,physical_availability,12450,0.0,0.0034538152610441766,359.8856224899598,159.5840411582398,4.885060240963855,0.26907630522088355
reserve10,right_aligned,sensitivity,normal,physical_recovery,12450,0.0,0.005622489959839358,359.8856224899598,156.40029687505861,4.885060240963855,0.26514056224899596
reserve10,right_aligned,sensitivity,normal,recency,12450,0.0,0.0,359.8856224899598,266.1338013328239,4.885060240963855,0.23180722891566266
reserve10,right_aligned,sensitivity,outage,physical,1193,0.0,0.0,353.0620284995809,189.20545799104627,14.559932942162614,0.28918692372170995
reserve10,right_aligned,sensitivity,outage,physical_availability,1193,0.0,0.009220452640402346,353.0620284995809,122.74189509525237,14.559932942162614,0.3101424979044426
reserve10,right_aligned,sensitivity,outage,physical_recovery,1193,0.0,0.009220452640402346,353.0620284995809,122.74189509525237,14.559932942162614,0.3101424979044426
reserve10,right_aligned,sensitivity,outage,recency,1193,0.0,0.0,353.0620284995809,261.3317718023502,14.559932942162614,0.2548197820620285
reserve10,right_aligned,sensitivity,recovery_0_6,physical,510,0.0,0.0,363.2901960784314,188.61190268063396,4.6607843137254905,0.2568627450980392
reserve10,right_aligned,sensitivity,recovery_0_6,physical_availability,510,0.0,0.00784313725490196,363.2901960784314,141.20057277807504,4.6607843137254905,0.2647058823529412
reserve10,right_aligned,sensitivity,recovery_0_6,physical_recovery,510,0.0,0.027450980392156862,363.2901960784314,142.24035803030975,4.6607843137254905,0.2568627450980392
reserve10,right_aligned,sensitivity,recovery_0_6,recency,510,0.0,0.0,363.2901960784314,269.36308230216764,4.6607843137254905,0.2411764705882353
reserve10,right_aligned,sensitivity,recovery_6_24,physical,1683,0.0,0.0,355.2846108140226,187.62558527026448,4.796197266785502,0.28342245989304815
reserve10,right_aligned,sensitivity,recovery_6_24,physical_availability,1683,0.0,0.0,355.2846108140226,161.8078951745301,4.796197266785502,0.27629233511586454
reserve10,right_aligned,sensitivity,recovery_6_24,physical_recovery,1683,0.0,0.0071301247771836,355.2846108140226,145.293090474984,4.796197266785502,0.28817587641117054
reserve10,right_aligned,sensitivity,recovery_6_24,recency,1683,0.0,0.0,355.2846108140226,262.38295143134474,4.796197266785502,0.2549019607843137
reserve10,receipt_5min,sensitivity,normal,physical,12450,0.0,0.0,359.81751004016064,186.85793386742438,4.885060240963855,0.25734939759036146
reserve10,receipt_5min,sensitivity,normal,physical_availability,12450,0.0,0.0034538152610441766,359.81751004016064,159.54228603138841,4.885060240963855,0.266425702811245
reserve10,receipt_5min,sensitivity,normal,physical_recovery,12450,0.0,0.005943775100401606,359.81751004016064,156.355311430149,4.885060240963855,0.2629718875502008
reserve10,receipt_5min,sensitivity,normal,recency,12450,0.0,0.0,359.81751004016064,266.0828408657243,4.885060240963855,0.2325301204819277
reserve10,receipt_5min,sensitivity,outage,physical,1193,0.0,0.0,352.9916177703269,189.12074920356164,14.559932942162614,0.30092204526404026
reserve10,receipt_5min,sensitivity,outage,physical_availability,1193,0.0,0.009220452640402346,352.9916177703269,122.67966746234772,14.559932942162614,0.32439228834870076
reserve10,receipt_5min,sensitivity,outage,physical_recovery,1193,0.0,0.009220452640402346,352.9916177703269,122.67966746234772,14.559932942162614,0.32439228834870076
reserve10,receipt_5min,sensitivity,outage,recency,1193,0.0,0.0,352.9916177703269,261.28135847745074,14.559932942162614,0.26320201173512153
reserve10,receipt_5min,sensitivity,recovery_0_6,physical,510,0.0,0.0,363.2392156862745,188.63159048128793,4.6607843137254905,0.22549019607843138
reserve10,receipt_5min,sensitivity,recovery_0_6,physical_availability,510,0.0,0.00784313725490196,363.2392156862745,141.16642986890352,4.6607843137254905,0.23529411764705882
reserve10,receipt_5min,sensitivity,recovery_0_6,physical_recovery,510,0.0,0.027450980392156862,363.2392156862745,142.21332916084717,4.6607843137254905,0.23921568627450981
reserve10,receipt_5min,sensitivity,recovery_0_6,recency,510,0.0,0.0,363.2392156862745,269.32155139291046,4.6607843137254905,0.22549019607843138
reserve10,receipt_5min,sensitivity,recovery_6_24,physical,1683,0.0,0.0,355.2002376708259,187.61985299924274,4.796197266785502,0.28045157456922165
reserve10,receipt_5min,sensitivity,recovery_6_24,physical_availability,1683,0.0,0.0,355.2002376708259,161.75072786631142,4.796197266785502,0.28342245989304815
reserve10,receipt_5min,sensitivity,recovery_6_24,physical_recovery,1683,0.0,0.0071301247771836,355.2002376708259,145.2728504174123,4.796197266785502,0.29530600118835415
reserve10,receipt_5min,sensitivity,recovery_6_24,recency,1683,0.0,0.0,355.2002376708259,262.3236575724708,4.796197266785502,0.2501485442661913
reserve10,privileged_labels,diagnostic,normal,physical,12450,0.0,0.0,359.81751004016064,186.85793386742438,4.885060240963855,0.25734939759036146
reserve10,privileged_labels,diagnostic,normal,physical_availability,12450,0.0,0.0034538152610441766,359.81751004016064,159.5422860313884,4.885060240963855,0.266425702811245
reserve10,privileged_labels,diagnostic,normal,physical_recovery,12450,0.0,0.005943775100401606,359.81751004016064,156.355311430149,4.885060240963855,0.2629718875502008
reserve10,privileged_labels,diagnostic,normal,recency,12450,0.0,0.0,359.81751004016064,266.0828408657243,4.885060240963855,0.2325301204819277
reserve10,privileged_labels,diagnostic,outage,physical,1193,0.0,0.0,356.2782900251467,181.87096236364943,4.672254819782062,0.28583403185247275
reserve10,privileged_labels,diagnostic,outage,physical_availability,1193,0.0,0.009220452640402346,356.2782900251467,114.78263855037564,4.672254819782062,0.32606873428331934
reserve10,privileged_labels,diagnostic,outage,physical_recovery,1193,0.0,0.009220452640402346,356.2782900251467,114.78263855037564,4.672254819782062,0.32606873428331934
reserve10,privileged_labels,diagnostic,outage,recency,1193,0.0,0.0,356.2782900251467,262.4835378139631,4.672254819782062,0.26320201173512153
reserve10,privileged_labels,diagnostic,recovery_0_6,physical,510,0.0,0.0,365.03333333333336,189.7092087986442,4.529411764705882,0.22549019607843138
reserve10,privileged_labels,diagnostic,recovery_0_6,physical_availability,510,0.0,0.00784313725490196,365.03333333333336,141.5024857532112,4.529411764705882,0.2372549019607843
reserve10,privileged_labels,diagnostic,recovery_0_6,physical_recovery,510,0.0,0.027450980392156862,365.03333333333336,142.78761370990694,4.529411764705882,0.24509803921568626
reserve10,privileged_labels,diagnostic,recovery_0_6,recency,510,0.0,0.0,365.03333333333336,270.0336886055249,4.529411764705882,0.22549019607843138
reserve10,privileged_labels,diagnostic,recovery_6_24,physical,1683,0.0,0.0,355.2002376708259,187.61985299924274,4.796197266785502,0.28045157456922165
reserve10,privileged_labels,diagnostic,recovery_6_24,physical_availability,1683,0.0,0.0,355.2002376708259,161.75072786631142,4.796197266785502,0.28342245989304815
reserve10,privileged_labels,diagnostic,recovery_6_24,physical_recovery,1683,0.0,0.0071301247771836,355.2002376708259,145.2728504174123,4.796197266785502,0.29530600118835415
reserve10,privileged_labels,diagnostic,recovery_6_24,recency,1683,0.0,0.0,355.2002376708259,262.3236575724708,4.796197266785502,0.2501485442661913
