method,origins,mean_score_updates_all_horizons,max_score_updates_all_horizons,p95_score_updates_all_horizons,fraction_origins_with_updates,site,case_id,case_group
aci_bounded,8012,1.9860209685471792,4,4.0,0.4965052421367948,nist,clean,primary
mask50,8012,1.9860209685471792,4,4.0,0.4965052421367948,nist,clean,primary
mi_recency,8012,1.9860209685471792,4,4.0,0.4965052421367948,nist,clean,primary
physical,8012,1.9860209685471792,4,4.0,0.4965052421367948,nist,clean,primary
physical_availability,8012,1.9860209685471792,4,4.0,0.4965052421367948,nist,clean,primary
physical_recovery,8012,1.9860209685471792,4,4.0,0.4965052421367948,nist,clean,primary
recency,8012,1.9860209685471792,4,4.0,0.4965052421367948,nist,clean,primary
rolling,8012,1.9860209685471792,4,4.0,0.4965052421367948,nist,clean,primary
aci_bounded,8012,1.9860209685471792,52,4.0,0.46193210184722916,nist,pv_only,primary
mask50,8012,1.9860209685471792,52,4.0,0.46193210184722916,nist,pv_only,primary
mi_recency,8012,1.9860209685471792,52,4.0,0.46193210184722916,nist,pv_only,primary
physical,8012,1.9860209685471792,52,4.0,0.46193210184722916,nist,pv_only,primary
physical_availability,8012,1.9860209685471792,52,4.0,0.46193210184722916,nist,pv_only,primary
physical_recovery,8012,1.9860209685471792,52,4.0,0.46193210184722916,nist,pv_only,primary
recency,8012,1.9860209685471792,52,4.0,0.46193210184722916,nist,pv_only,primary
rolling,8012,1.9860209685471792,52,4.0,0.46193210184722916,nist,pv_only,primary
aci_bounded,8012,1.9860209685471792,4,4.0,0.4965052421367948,nist,irradiance_only,primary
mask50,8012,1.9860209685471792,4,4.0,0.4965052421367948,nist,irradiance_only,primary
mi_recency,8012,1.9860209685471792,4,4.0,0.4965052421367948,nist,irradiance_only,primary
physical,8012,1.9860209685471792,4,4.0,0.4965052421367948,nist,irradiance_only,primary
physical_availability,8012,1.9860209685471792,4,4.0,0.4965052421367948,nist,irradiance_only,primary
physical_recovery,8012,1.9860209685471792,4,4.0,0.4965052421367948,nist,irradiance_only,primary
recency,8012,1.9860209685471792,4,4.0,0.4965052421367948,nist,irradiance_only,primary
rolling,8012,1.9860209685471792,4,4.0,0.4965052421367948,nist,irradiance_only,primary
aci_bounded,8012,1.9860209685471792,52,4.0,0.46193210184722916,nist,joint_immediate,primary
mask50,8012,1.9860209685471792,52,4.0,0.46193210184722916,nist,joint_immediate,primary
mi_recency,8012,1.9860209685471792,52,4.0,0.46193210184722916,nist,joint_immediate,primary
physical,8012,1.9860209685471792,52,4.0,0.46193210184722916,nist,joint_immediate,primary
physical_availability,8012,1.9860209685471792,52,4.0,0.46193210184722916,nist,joint_immediate,primary
physical_recovery,8012,1.9860209685471792,52,4.0,0.46193210184722916,nist,joint_immediate,primary
recency,8012,1.9860209685471792,52,4.0,0.46193210184722916,nist,joint_immediate,primary
rolling,8012,1.9860209685471792,52,4.0,0.46193210184722916,nist,joint_immediate,primary
aci_bounded,8012,1.9860209685471792,20,4.0,0.4665501747378932,nist,joint_gradual,primary
mask50,8012,1.9860209685471792,20,4.0,0.4665501747378932,nist,joint_gradual,primary
mi_recency,8012,1.9860209685471792,20,4.0,0.4665501747378932,nist,joint_gradual,primary
physical,8012,1.9860209685471792,20,4.0,0.4665501747378932,nist,joint_gradual,primary
physical_availability,8012,1.9860209685471792,20,4.0,0.4665501747378932,nist,joint_gradual,primary
physical_recovery,8012,1.9860209685471792,20,4.0,0.4665501747378932,nist,joint_gradual,primary
recency,8012,1.9860209685471792,20,4.0,0.4665501747378932,nist,joint_gradual,primary
rolling,8012,1.9860209685471792,20,4.0,0.4665501747378932,nist,joint_gradual,primary
aci_bounded,8012,1.836245631552671,4,4.0,0.45906140788816774,nist,joint_none,primary
mask50,8012,1.836245631552671,4,4.0,0.45906140788816774,nist,joint_none,primary
mi_recency,8012,1.836245631552671,4,4.0,0.45906140788816774,nist,joint_none,primary
physical,8012,1.836245631552671,4,4.0,0.45906140788816774,nist,joint_none,primary
physical_availability,8012,1.836245631552671,4,4.0,0.45906140788816774,nist,joint_none,primary
physical_recovery,8012,1.836245631552671,4,4.0,0.45906140788816774,nist,joint_none,primary
recency,8012,1.836245631552671,4,4.0,0.45906140788816774,nist,joint_none,primary
rolling,8012,1.836245631552671,4,4.0,0.45906140788816774,nist,joint_none,primary
aci_bounded,8012,1.9860209685471792,20,4.0,0.4613080379430854,nist,irradiance_first,primary
mask50,8012,1.9860209685471792,20,4.0,0.4613080379430854,nist,irradiance_first,primary
mi_recency,8012,1.9860209685471792,20,4.0,0.4613080379430854,nist,irradiance_first,primary
physical,8012,1.9860209685471792,20,4.0,0.4613080379430854,nist,irradiance_first,primary
physical_availability,8012,1.9860209685471792,20,4.0,0.4613080379430854,nist,irradiance_first,primary
physical_recovery,8012,1.9860209685471792,20,4.0,0.4613080379430854,nist,irradiance_first,primary
recency,8012,1.9860209685471792,20,4.0,0.4613080379430854,nist,irradiance_first,primary
rolling,8012,1.9860209685471792,20,4.0,0.4613080379430854,nist,irradiance_first,primary
aci_bounded,8012,1.9860209685471792,20,4.0,0.4665501747378932,nist,pv_first,primary
mask50,8012,1.9860209685471792,20,4.0,0.4665501747378932,nist,pv_first,primary
mi_recency,8012,1.9860209685471792,20,4.0,0.4665501747378932,nist,pv_first,primary
physical,8012,1.9860209685471792,20,4.0,0.4665501747378932,nist,pv_first,primary
physical_availability,8012,1.9860209685471792,20,4.0,0.4665501747378932,nist,pv_first,primary
physical_recovery,8012,1.9860209685471792,20,4.0,0.4665501747378932,nist,pv_first,primary
recency,8012,1.9860209685471792,20,4.0,0.4665501747378932,nist,pv_first,primary
rolling,8012,1.9860209685471792,20,4.0,0.4665501747378932,nist,pv_first,primary
physical,8012,1.9860209685471792,20,4.0,0.4797803295057414,nist,duration_6h,sensitivity
physical_availability,8012,1.9860209685471792,20,4.0,0.4797803295057414,nist,duration_6h,sensitivity
physical_recovery,8012,1.9860209685471792,20,4.0,0.4797803295057414,nist,duration_6h,sensitivity
recency,8012,1.9860209685471792,20,4.0,0.4797803295057414,nist,duration_6h,sensitivity
physical,8012,1.9860209685471792,20,4.0,0.4352221667498752,nist,duration_24h,sensitivity
physical_availability,8012,1.9860209685471792,20,4.0,0.4352221667498752,nist,duration_24h,sensitivity
physical_recovery,8012,1.9860209685471792,20,4.0,0.4352221667498752,nist,duration_24h,sensitivity
recency,8012,1.9860209685471792,20,4.0,0.4352221667498752,nist,duration_24h,sensitivity
physical,8012,1.9860209685471792,8,4.0,0.4910134797803295,nist,backfill_60min,sensitivity
physical_availability,8012,1.9860209685471792,8,4.0,0.4910134797803295,nist,backfill_60min,sensitivity
physical_recovery,8012,1.9860209685471792,8,4.0,0.4910134797803295,nist,backfill_60min,sensitivity
recency,8012,1.9860209685471792,8,4.0,0.4910134797803295,nist,backfill_60min,sensitivity
physical,8012,1.9860209685471792,20,4.0,0.4530703944083874,nist,channel_gap_6h,sensitivity
physical_availability,8012,1.9860209685471792,20,4.0,0.4530703944083874,nist,channel_gap_6h,sensitivity
physical_recovery,8012,1.9860209685471792,20,4.0,0.4530703944083874,nist,channel_gap_6h,sensitivity
recency,8012,1.9860209685471792,20,4.0,0.4530703944083874,nist,channel_gap_6h,sensitivity
physical,8012,1.9860209685471792,20,4.0,0.47066899650524213,nist,schedule_seed_2,sensitivity
physical_availability,8012,1.9860209685471792,20,4.0,0.47066899650524213,nist,schedule_seed_2,sensitivity
physical_recovery,8012,1.9860209685471792,20,4.0,0.47066899650524213,nist,schedule_seed_2,sensitivity
recency,8012,1.9860209685471792,20,4.0,0.47066899650524213,nist,schedule_seed_2,sensitivity
physical,8012,1.9860209685471792,20,4.0,0.4655516724912631,nist,schedule_seed_3,sensitivity
physical_availability,8012,1.9860209685471792,20,4.0,0.4655516724912631,nist,schedule_seed_3,sensitivity
physical_recovery,8012,1.9860209685471792,20,4.0,0.4655516724912631,nist,schedule_seed_3,sensitivity
recency,8012,1.9860209685471792,20,4.0,0.4655516724912631,nist,schedule_seed_3,sensitivity
physical,8012,1.9860209685471792,20,4.0,0.4665501747378932,nist,narrow_quality,sensitivity
physical_availability,8012,1.9860209685471792,20,4.0,0.4665501747378932,nist,narrow_quality,sensitivity
physical_recovery,8012,1.9860209685471792,20,4.0,0.4665501747378932,nist,narrow_quality,sensitivity
recency,8012,1.9860209685471792,20,4.0,0.4665501747378932,nist,narrow_quality,sensitivity
physical,8012,1.9860209685471792,20,4.0,0.4665501747378932,nist,training_2015,sensitivity
physical_availability,8012,1.9860209685471792,20,4.0,0.4665501747378932,nist,training_2015,sensitivity
physical_recovery,8012,1.9860209685471792,20,4.0,0.4665501747378932,nist,training_2015,sensitivity
recency,8012,1.9860209685471792,20,4.0,0.4665501747378932,nist,training_2015,sensitivity
physical,8012,1.9860209685471792,20,4.0,0.4665501747378932,nist,receipt_5min,sensitivity
physical_availability,8012,1.9860209685471792,20,4.0,0.4665501747378932,nist,receipt_5min,sensitivity
physical_recovery,8012,1.9860209685471792,20,4.0,0.4665501747378932,nist,receipt_5min,sensitivity
recency,8012,1.9860209685471792,20,4.0,0.4665501747378932,nist,receipt_5min,sensitivity
physical,8012,1.9860209685471792,20,4.0,0.4677983025461807,nist,schedule_seed_4,sensitivity
physical_availability,8012,1.9860209685471792,20,4.0,0.4677983025461807,nist,schedule_seed_4,sensitivity
physical_recovery,8012,1.9860209685471792,20,4.0,0.4677983025461807,nist,schedule_seed_4,sensitivity
recency,8012,1.9860209685471792,20,4.0,0.4677983025461807,nist,schedule_seed_4,sensitivity
physical,8012,1.9860209685471792,20,4.0,0.4674238642036945,nist,schedule_seed_5,sensitivity
physical_availability,8012,1.9860209685471792,20,4.0,0.4674238642036945,nist,schedule_seed_5,sensitivity
physical_recovery,8012,1.9860209685471792,20,4.0,0.4674238642036945,nist,schedule_seed_5,sensitivity
recency,8012,1.9860209685471792,20,4.0,0.4674238642036945,nist,schedule_seed_5,sensitivity
physical,8012,1.9860209685471792,20,4.0,0.4665501747378932,nist,no_input_age,sensitivity
physical_availability,8012,1.9860209685471792,20,4.0,0.4665501747378932,nist,no_input_age,sensitivity
physical_recovery,8012,1.9860209685471792,20,4.0,0.4665501747378932,nist,no_input_age,sensitivity
recency,8012,1.9860209685471792,20,4.0,0.4665501747378932,nist,no_input_age,sensitivity
physical,8012,1.9860209685471792,20,4.0,0.4665501747378932,nist,no_block_augmentation,sensitivity
physical_availability,8012,1.9860209685471792,20,4.0,0.4665501747378932,nist,no_block_augmentation,sensitivity
physical_recovery,8012,1.9860209685471792,20,4.0,0.4665501747378932,nist,no_block_augmentation,sensitivity
recency,8012,1.9860209685471792,20,4.0,0.4665501747378932,nist,no_block_augmentation,sensitivity
physical,8012,1.9860209685471792,4,4.0,0.4965052421367948,nist,privileged_labels,diagnostic
physical_availability,8012,1.9860209685471792,4,4.0,0.4965052421367948,nist,privileged_labels,diagnostic
physical_recovery,8012,1.9860209685471792,4,4.0,0.4965052421367948,nist,privileged_labels,diagnostic
recency,8012,1.9860209685471792,4,4.0,0.4965052421367948,nist,privileged_labels,diagnostic
physical,8012,1.9860209685471792,20,4.0,0.4665501747378932,nist,cross_site_weights,sensitivity
physical_availability,8012,1.9860209685471792,20,4.0,0.4665501747378932,nist,cross_site_weights,sensitivity
physical_recovery,8012,1.9860209685471792,20,4.0,0.4665501747378932,nist,cross_site_weights,sensitivity
recency,8012,1.9860209685471792,20,4.0,0.4665501747378932,nist,cross_site_weights,sensitivity
physical,8012,1.836245631552671,4,4.0,0.45906140788816774,nist,stale_transport,sensitivity
physical_availability,8012,1.836245631552671,4,4.0,0.45906140788816774,nist,stale_transport,sensitivity
physical_recovery,8012,1.836245631552671,4,4.0,0.45906140788816774,nist,stale_transport,sensitivity
recency,8012,1.836245631552671,4,4.0,0.45906140788816774,nist,stale_transport,sensitivity
aci_bounded,8012,1.9755366949575637,4,4.0,0.4938841737393909,colorado,clean,primary
mask50,8012,1.9755366949575637,4,4.0,0.4938841737393909,colorado,clean,primary
mi_recency,8012,1.9755366949575637,4,4.0,0.4938841737393909,colorado,clean,primary
physical,8012,1.9755366949575637,4,4.0,0.4938841737393909,colorado,clean,primary
physical_availability,8012,1.9755366949575637,4,4.0,0.4938841737393909,colorado,clean,primary
physical_recovery,8012,1.9755366949575637,4,4.0,0.4938841737393909,colorado,clean,primary
recency,8012,1.9755366949575637,4,4.0,0.4938841737393909,colorado,clean,primary
rolling,8012,1.9755366949575637,4,4.0,0.4938841737393909,colorado,clean,primary
aci_bounded,8012,1.9755366949575637,48,4.0,0.45931103344982527,colorado,pv_only,primary
mask50,8012,1.9755366949575637,48,4.0,0.45931103344982527,colorado,pv_only,primary
mi_recency,8012,1.9755366949575637,48,4.0,0.45931103344982527,colorado,pv_only,primary
physical,8012,1.9755366949575637,48,4.0,0.45931103344982527,colorado,pv_only,primary
physical_availability,8012,1.9755366949575637,48,4.0,0.45931103344982527,colorado,pv_only,primary
physical_recovery,8012,1.9755366949575637,48,4.0,0.45931103344982527,colorado,pv_only,primary
recency,8012,1.9755366949575637,48,4.0,0.45931103344982527,colorado,pv_only,primary
rolling,8012,1.9755366949575637,48,4.0,0.45931103344982527,colorado,pv_only,primary
aci_bounded,8012,1.9755366949575637,4,4.0,0.4938841737393909,colorado,irradiance_only,primary
mask50,8012,1.9755366949575637,4,4.0,0.4938841737393909,colorado,irradiance_only,primary
mi_recency,8012,1.9755366949575637,4,4.0,0.4938841737393909,colorado,irradiance_only,primary
physical,8012,1.9755366949575637,4,4.0,0.4938841737393909,colorado,irradiance_only,primary
physical_availability,8012,1.9755366949575637,4,4.0,0.4938841737393909,colorado,irradiance_only,primary
physical_recovery,8012,1.9755366949575637,4,4.0,0.4938841737393909,colorado,irradiance_only,primary
recency,8012,1.9755366949575637,4,4.0,0.4938841737393909,colorado,irradiance_only,primary
rolling,8012,1.9755366949575637,4,4.0,0.4938841737393909,colorado,irradiance_only,primary
aci_bounded,8012,1.9755366949575637,48,4.0,0.45931103344982527,colorado,joint_immediate,primary
mask50,8012,1.9755366949575637,48,4.0,0.45931103344982527,colorado,joint_immediate,primary
mi_recency,8012,1.9755366949575637,48,4.0,0.45931103344982527,colorado,joint_immediate,primary
physical,8012,1.9755366949575637,48,4.0,0.45931103344982527,colorado,joint_immediate,primary
physical_availability,8012,1.9755366949575637,48,4.0,0.45931103344982527,colorado,joint_immediate,primary
physical_recovery,8012,1.9755366949575637,48,4.0,0.45931103344982527,colorado,joint_immediate,primary
recency,8012,1.9755366949575637,48,4.0,0.45931103344982527,colorado,joint_immediate,primary
rolling,8012,1.9755366949575637,48,4.0,0.45931103344982527,colorado,joint_immediate,primary
aci_bounded,8012,1.9755366949575637,20,4.0,0.46330504243634546,colorado,joint_gradual,primary
mask50,8012,1.9755366949575637,20,4.0,0.46330504243634546,colorado,joint_gradual,primary
mi_recency,8012,1.9755366949575637,20,4.0,0.46330504243634546,colorado,joint_gradual,primary
physical,8012,1.9755366949575637,20,4.0,0.46330504243634546,colorado,joint_gradual,primary
physical_availability,8012,1.9755366949575637,20,4.0,0.46330504243634546,colorado,joint_gradual,primary
physical_recovery,8012,1.9755366949575637,20,4.0,0.46330504243634546,colorado,joint_gradual,primary
recency,8012,1.9755366949575637,20,4.0,0.46330504243634546,colorado,joint_gradual,primary
rolling,8012,1.9755366949575637,20,4.0,0.46330504243634546,colorado,joint_gradual,primary
aci_bounded,8012,1.8252621068397403,4,4.0,0.4563155267099351,colorado,joint_none,primary
mask50,8012,1.8252621068397403,4,4.0,0.4563155267099351,colorado,joint_none,primary
mi_recency,8012,1.8252621068397403,4,4.0,0.4563155267099351,colorado,joint_none,primary
physical,8012,1.8252621068397403,4,4.0,0.4563155267099351,colorado,joint_none,primary
physical_availability,8012,1.8252621068397403,4,4.0,0.4563155267099351,colorado,joint_none,primary
physical_recovery,8012,1.8252621068397403,4,4.0,0.4563155267099351,colorado,joint_none,primary
recency,8012,1.8252621068397403,4,4.0,0.4563155267099351,colorado,joint_none,primary
rolling,8012,1.8252621068397403,4,4.0,0.4563155267099351,colorado,joint_none,primary
aci_bounded,8012,1.9755366949575637,20,4.0,0.4579380928607089,colorado,irradiance_first,primary
mask50,8012,1.9755366949575637,20,4.0,0.4579380928607089,colorado,irradiance_first,primary
mi_recency,8012,1.9755366949575637,20,4.0,0.4579380928607089,colorado,irradiance_first,primary
physical,8012,1.9755366949575637,20,4.0,0.4579380928607089,colorado,irradiance_first,primary
physical_availability,8012,1.9755366949575637,20,4.0,0.4579380928607089,colorado,irradiance_first,primary
physical_recovery,8012,1.9755366949575637,20,4.0,0.4579380928607089,colorado,irradiance_first,primary
recency,8012,1.9755366949575637,20,4.0,0.4579380928607089,colorado,irradiance_first,primary
rolling,8012,1.9755366949575637,20,4.0,0.4579380928607089,colorado,irradiance_first,primary
aci_bounded,8012,1.9755366949575637,20,4.0,0.46330504243634546,colorado,pv_first,primary
mask50,8012,1.9755366949575637,20,4.0,0.46330504243634546,colorado,pv_first,primary
mi_recency,8012,1.9755366949575637,20,4.0,0.46330504243634546,colorado,pv_first,primary
physical,8012,1.9755366949575637,20,4.0,0.46330504243634546,colorado,pv_first,primary
physical_availability,8012,1.9755366949575637,20,4.0,0.46330504243634546,colorado,pv_first,primary
physical_recovery,8012,1.9755366949575637,20,4.0,0.46330504243634546,colorado,pv_first,primary
recency,8012,1.9755366949575637,20,4.0,0.46330504243634546,colorado,pv_first,primary
rolling,8012,1.9755366949575637,20,4.0,0.46330504243634546,colorado,pv_first,primary
physical,8012,1.9755366949575637,20,4.0,0.4780329505741388,colorado,duration_6h,sensitivity
physical_availability,8012,1.9755366949575637,20,4.0,0.4780329505741388,colorado,duration_6h,sensitivity
physical_recovery,8012,1.9755366949575637,20,4.0,0.4780329505741388,colorado,duration_6h,sensitivity
recency,8012,1.9755366949575637,20,4.0,0.4780329505741388,colorado,duration_6h,sensitivity
physical,8012,1.9755366949575637,20,4.0,0.43409885172241636,colorado,duration_24h,sensitivity
physical_availability,8012,1.9755366949575637,20,4.0,0.43409885172241636,colorado,duration_24h,sensitivity
physical_recovery,8012,1.9755366949575637,20,4.0,0.43409885172241636,colorado,duration_24h,sensitivity
recency,8012,1.9755366949575637,20,4.0,0.43409885172241636,colorado,duration_24h,sensitivity
physical,8012,1.9755366949575637,8,4.0,0.4878931602596106,colorado,backfill_60min,sensitivity
physical_availability,8012,1.9755366949575637,8,4.0,0.4878931602596106,colorado,backfill_60min,sensitivity
physical_recovery,8012,1.9755366949575637,8,4.0,0.4878931602596106,colorado,backfill_60min,sensitivity
recency,8012,1.9755366949575637,8,4.0,0.4878931602596106,colorado,backfill_60min,sensitivity
physical,8012,1.9755366949575637,20,4.0,0.45044932601098353,colorado,channel_gap_6h,sensitivity
physical_availability,8012,1.9755366949575637,20,4.0,0.45044932601098353,colorado,channel_gap_6h,sensitivity
physical_recovery,8012,1.9755366949575637,20,4.0,0.45044932601098353,colorado,channel_gap_6h,sensitivity
recency,8012,1.9755366949575637,20,4.0,0.45044932601098353,colorado,channel_gap_6h,sensitivity
physical,8012,1.9755366949575637,20,4.0,0.46854717923115324,colorado,schedule_seed_2,sensitivity
physical_availability,8012,1.9755366949575637,20,4.0,0.46854717923115324,colorado,schedule_seed_2,sensitivity
physical_recovery,8012,1.9755366949575637,20,4.0,0.46854717923115324,colorado,schedule_seed_2,sensitivity
recency,8012,1.9755366949575637,20,4.0,0.46854717923115324,colorado,schedule_seed_2,sensitivity
physical,8012,1.9755366949575637,20,4.0,0.46193210184722916,colorado,schedule_seed_3,sensitivity
physical_availability,8012,1.9755366949575637,20,4.0,0.46193210184722916,colorado,schedule_seed_3,sensitivity
physical_recovery,8012,1.9755366949575637,20,4.0,0.46193210184722916,colorado,schedule_seed_3,sensitivity
recency,8012,1.9755366949575637,20,4.0,0.46193210184722916,colorado,schedule_seed_3,sensitivity
physical,8012,1.9755366949575637,20,4.0,0.46330504243634546,colorado,narrow_quality,sensitivity
physical_availability,8012,1.9755366949575637,20,4.0,0.46330504243634546,colorado,narrow_quality,sensitivity
physical_recovery,8012,1.9755366949575637,20,4.0,0.46330504243634546,colorado,narrow_quality,sensitivity
recency,8012,1.9755366949575637,20,4.0,0.46330504243634546,colorado,narrow_quality,sensitivity
physical,8012,1.9755366949575637,20,4.0,0.46330504243634546,colorado,right_aligned,sensitivity
physical_availability,8012,1.9755366949575637,20,4.0,0.46330504243634546,colorado,right_aligned,sensitivity
physical_recovery,8012,1.9755366949575637,20,4.0,0.46330504243634546,colorado,right_aligned,sensitivity
recency,8012,1.9755366949575637,20,4.0,0.46330504243634546,colorado,right_aligned,sensitivity
physical,8012,1.9755366949575637,20,4.0,0.46330504243634546,colorado,training_2015,sensitivity
physical_availability,8012,1.9755366949575637,20,4.0,0.46330504243634546,colorado,training_2015,sensitivity
physical_recovery,8012,1.9755366949575637,20,4.0,0.46330504243634546,colorado,training_2015,sensitivity
recency,8012,1.9755366949575637,20,4.0,0.46330504243634546,colorado,training_2015,sensitivity
physical,8012,1.9755366949575637,20,4.0,0.46330504243634546,colorado,receipt_5min,sensitivity
physical_availability,8012,1.9755366949575637,20,4.0,0.46330504243634546,colorado,receipt_5min,sensitivity
physical_recovery,8012,1.9755366949575637,20,4.0,0.46330504243634546,colorado,receipt_5min,sensitivity
recency,8012,1.9755366949575637,20,4.0,0.46330504243634546,colorado,receipt_5min,sensitivity
physical,8012,1.9755366949575637,20,4.0,0.4639291063404893,colorado,schedule_seed_4,sensitivity
physical_availability,8012,1.9755366949575637,20,4.0,0.4639291063404893,colorado,schedule_seed_4,sensitivity
physical_recovery,8012,1.9755366949575637,20,4.0,0.4639291063404893,colorado,schedule_seed_4,sensitivity
recency,8012,1.9755366949575637,20,4.0,0.4639291063404893,colorado,schedule_seed_4,sensitivity
physical,8012,1.9755366949575637,20,4.0,0.46417873190214676,colorado,schedule_seed_5,sensitivity
physical_availability,8012,1.9755366949575637,20,4.0,0.46417873190214676,colorado,schedule_seed_5,sensitivity
physical_recovery,8012,1.9755366949575637,20,4.0,0.46417873190214676,colorado,schedule_seed_5,sensitivity
recency,8012,1.9755366949575637,20,4.0,0.46417873190214676,colorado,schedule_seed_5,sensitivity
physical,8012,1.9755366949575637,20,4.0,0.46330504243634546,colorado,no_input_age,sensitivity
physical_availability,8012,1.9755366949575637,20,4.0,0.46330504243634546,colorado,no_input_age,sensitivity
physical_recovery,8012,1.9755366949575637,20,4.0,0.46330504243634546,colorado,no_input_age,sensitivity
recency,8012,1.9755366949575637,20,4.0,0.46330504243634546,colorado,no_input_age,sensitivity
physical,8012,1.9755366949575637,20,4.0,0.46330504243634546,colorado,no_block_augmentation,sensitivity
physical_availability,8012,1.9755366949575637,20,4.0,0.46330504243634546,colorado,no_block_augmentation,sensitivity
physical_recovery,8012,1.9755366949575637,20,4.0,0.46330504243634546,colorado,no_block_augmentation,sensitivity
recency,8012,1.9755366949575637,20,4.0,0.46330504243634546,colorado,no_block_augmentation,sensitivity
physical,8012,1.9755366949575637,4,4.0,0.4938841737393909,colorado,privileged_labels,diagnostic
physical_availability,8012,1.9755366949575637,4,4.0,0.4938841737393909,colorado,privileged_labels,diagnostic
physical_recovery,8012,1.9755366949575637,4,4.0,0.4938841737393909,colorado,privileged_labels,diagnostic
recency,8012,1.9755366949575637,4,4.0,0.4938841737393909,colorado,privileged_labels,diagnostic
physical,8012,1.9755366949575637,20,4.0,0.46330504243634546,colorado,cross_site_weights,sensitivity
physical_availability,8012,1.9755366949575637,20,4.0,0.46330504243634546,colorado,cross_site_weights,sensitivity
physical_recovery,8012,1.9755366949575637,20,4.0,0.46330504243634546,colorado,cross_site_weights,sensitivity
recency,8012,1.9755366949575637,20,4.0,0.46330504243634546,colorado,cross_site_weights,sensitivity
physical,8012,1.8252621068397403,4,4.0,0.4563155267099351,colorado,stale_transport,sensitivity
physical_availability,8012,1.8252621068397403,4,4.0,0.4563155267099351,colorado,stale_transport,sensitivity
physical_recovery,8012,1.8252621068397403,4,4.0,0.4563155267099351,colorado,stale_transport,sensitivity
recency,8012,1.8252621068397403,4,4.0,0.4563155267099351,colorado,stale_transport,sensitivity
