horizon,n,nwis,nmae,coverage50,coverage80,coverage90,nwidth90,events,site,case_id,population,method,reference_case,window
1,299,0.03086829525579709,0.0516423339015248,0.39464882943143814,0.6956521739130435,0.8361204013377926,0.23821110075607008,46,nist,clean,recorded_ac,raw,joint_gradual,"scheduled interruption, before final channel return"
2,300,0.04137678102273099,0.07213143006787202,0.4266666666666667,0.7066666666666667,0.8433333333333334,0.3352850724416225,46,nist,clean,recorded_ac,raw,joint_gradual,"scheduled interruption, before final channel return"
3,297,0.04726350654183956,0.08325887995635933,0.38047138047138046,0.6936026936026936,0.8383838383838383,0.36830066218845176,46,nist,clean,recorded_ac,raw,joint_gradual,"scheduled interruption, before final channel return"
4,295,0.05139792381229783,0.09346715438475547,0.3864406779661017,0.7288135593220338,0.8372881355932204,0.3840231612176468,45,nist,clean,recorded_ac,raw,joint_gradual,"scheduled interruption, before final channel return"
1,299,0.03086829525579709,0.0516423339015248,0.39464882943143814,0.6956521739130435,0.8361204013377926,0.23821110075607008,46,nist,clean,exclude_bright_zero,raw,joint_gradual,"scheduled interruption, before final channel return"
2,300,0.04137678102273099,0.07213143006787202,0.4266666666666667,0.7066666666666667,0.8433333333333334,0.3352850724416225,46,nist,clean,exclude_bright_zero,raw,joint_gradual,"scheduled interruption, before final channel return"
3,297,0.04726350654183956,0.08325887995635933,0.38047138047138046,0.6936026936026936,0.8383838383838383,0.36830066218845176,46,nist,clean,exclude_bright_zero,raw,joint_gradual,"scheduled interruption, before final channel return"
4,295,0.05139792381229783,0.09346715438475547,0.3864406779661017,0.7288135593220338,0.8372881355932204,0.3840231612176468,45,nist,clean,exclude_bright_zero,raw,joint_gradual,"scheduled interruption, before final channel return"
1,299,0.04381864252330468,0.07691770895614618,0.44481605351170567,0.7759197324414716,0.8996655518394648,0.4036721128706963,46,nist,pv_only,recorded_ac,raw,joint_gradual,"scheduled interruption, before final channel return"
2,300,0.05027546584222235,0.08896951936682235,0.3933333333333333,0.74,0.8633333333333333,0.40483263893065796,46,nist,pv_only,recorded_ac,raw,joint_gradual,"scheduled interruption, before final channel return"
3,297,0.05364177604295739,0.10027138632037008,0.3872053872053872,0.7272727272727273,0.8518518518518519,0.3926715964639668,46,nist,pv_only,recorded_ac,raw,joint_gradual,"scheduled interruption, before final channel return"
4,295,0.05551477950134573,0.10668913966956552,0.4101694915254237,0.7491525423728813,0.8576271186440678,0.3996461663405653,45,nist,pv_only,recorded_ac,raw,joint_gradual,"scheduled interruption, before final channel return"
1,299,0.04381864252330468,0.07691770895614618,0.44481605351170567,0.7759197324414716,0.8996655518394648,0.4036721128706963,46,nist,pv_only,exclude_bright_zero,raw,joint_gradual,"scheduled interruption, before final channel return"
2,300,0.05027546584222235,0.08896951936682235,0.3933333333333333,0.74,0.8633333333333333,0.40483263893065796,46,nist,pv_only,exclude_bright_zero,raw,joint_gradual,"scheduled interruption, before final channel return"
3,297,0.05364177604295739,0.10027138632037008,0.3872053872053872,0.7272727272727273,0.8518518518518519,0.3926715964639668,46,nist,pv_only,exclude_bright_zero,raw,joint_gradual,"scheduled interruption, before final channel return"
4,295,0.05551477950134573,0.10668913966956552,0.4101694915254237,0.7491525423728813,0.8576271186440678,0.3996461663405653,45,nist,pv_only,exclude_bright_zero,raw,joint_gradual,"scheduled interruption, before final channel return"
1,299,0.0416645653051814,0.0700391394224588,0.5585284280936454,0.8461538461538461,0.9498327759197325,0.3512706783907297,46,nist,irradiance_only,recorded_ac,raw,joint_gradual,"scheduled interruption, before final channel return"
2,300,0.048645801248183344,0.09169514720248771,0.41333333333333333,0.75,0.8566666666666667,0.3741686897321467,46,nist,irradiance_only,recorded_ac,raw,joint_gradual,"scheduled interruption, before final channel return"
3,297,0.05284061968947607,0.09611214606061486,0.37037037037037035,0.7037037037037037,0.8619528619528619,0.3977021435511706,46,nist,irradiance_only,recorded_ac,raw,joint_gradual,"scheduled interruption, before final channel return"
4,295,0.05638739373262575,0.10955672336518388,0.36271186440677966,0.6711864406779661,0.8508474576271187,0.3976991277929318,45,nist,irradiance_only,recorded_ac,raw,joint_gradual,"scheduled interruption, before final channel return"
1,299,0.0416645653051814,0.0700391394224588,0.5585284280936454,0.8461538461538461,0.9498327759197325,0.3512706783907297,46,nist,irradiance_only,exclude_bright_zero,raw,joint_gradual,"scheduled interruption, before final channel return"
2,300,0.048645801248183344,0.09169514720248771,0.41333333333333333,0.75,0.8566666666666667,0.3741686897321467,46,nist,irradiance_only,exclude_bright_zero,raw,joint_gradual,"scheduled interruption, before final channel return"
3,297,0.05284061968947607,0.09611214606061486,0.37037037037037035,0.7037037037037037,0.8619528619528619,0.3977021435511706,46,nist,irradiance_only,exclude_bright_zero,raw,joint_gradual,"scheduled interruption, before final channel return"
4,295,0.05638739373262575,0.10955672336518388,0.36271186440677966,0.6711864406779661,0.8508474576271187,0.3976991277929318,45,nist,irradiance_only,exclude_bright_zero,raw,joint_gradual,"scheduled interruption, before final channel return"
1,299,0.06933463211821868,0.1353540710023759,0.4816053511705686,0.7959866220735786,0.862876254180602,0.5126632647071091,46,nist,joint_immediate,recorded_ac,raw,joint_gradual,"scheduled interruption, before final channel return"
2,300,0.06347194751266676,0.12651004839240582,0.4166666666666667,0.7533333333333333,0.8733333333333333,0.4415146654835531,46,nist,joint_immediate,recorded_ac,raw,joint_gradual,"scheduled interruption, before final channel return"
3,297,0.06264153030259496,0.12610294376590342,0.3872053872053872,0.7508417508417509,0.8754208754208754,0.42343698789180056,46,nist,joint_immediate,recorded_ac,raw,joint_gradual,"scheduled interruption, before final channel return"
4,295,0.06146078190694231,0.1257850319273604,0.41694915254237286,0.7593220338983051,0.8677966101694915,0.4137981000635776,45,nist,joint_immediate,recorded_ac,raw,joint_gradual,"scheduled interruption, before final channel return"
1,299,0.06933463211821868,0.1353540710023759,0.4816053511705686,0.7959866220735786,0.862876254180602,0.5126632647071091,46,nist,joint_immediate,exclude_bright_zero,raw,joint_gradual,"scheduled interruption, before final channel return"
2,300,0.06347194751266676,0.12651004839240582,0.4166666666666667,0.7533333333333333,0.8733333333333333,0.4415146654835531,46,nist,joint_immediate,exclude_bright_zero,raw,joint_gradual,"scheduled interruption, before final channel return"
3,297,0.06264153030259496,0.12610294376590342,0.3872053872053872,0.7508417508417509,0.8754208754208754,0.42343698789180056,46,nist,joint_immediate,exclude_bright_zero,raw,joint_gradual,"scheduled interruption, before final channel return"
4,295,0.06146078190694231,0.1257850319273604,0.41694915254237286,0.7593220338983051,0.8677966101694915,0.4137981000635776,45,nist,joint_immediate,exclude_bright_zero,raw,joint_gradual,"scheduled interruption, before final channel return"
1,299,0.06933463211821868,0.1353540710023759,0.4816053511705686,0.7959866220735786,0.862876254180602,0.5126632647071091,46,nist,joint_gradual,recorded_ac,raw,joint_gradual,"scheduled interruption, before final channel return"
2,300,0.06347194751266676,0.12651004839240582,0.4166666666666667,0.7533333333333333,0.8733333333333333,0.4415146654835531,46,nist,joint_gradual,recorded_ac,raw,joint_gradual,"scheduled interruption, before final channel return"
3,297,0.06264153030259496,0.12610294376590342,0.3872053872053872,0.7508417508417509,0.8754208754208754,0.42343698789180056,46,nist,joint_gradual,recorded_ac,raw,joint_gradual,"scheduled interruption, before final channel return"
4,295,0.06146078190694231,0.1257850319273604,0.41694915254237286,0.7593220338983051,0.8677966101694915,0.4137981000635776,45,nist,joint_gradual,recorded_ac,raw,joint_gradual,"scheduled interruption, before final channel return"
1,299,0.06933463211821868,0.1353540710023759,0.4816053511705686,0.7959866220735786,0.862876254180602,0.5126632647071091,46,nist,joint_gradual,exclude_bright_zero,raw,joint_gradual,"scheduled interruption, before final channel return"
2,300,0.06347194751266676,0.12651004839240582,0.4166666666666667,0.7533333333333333,0.8733333333333333,0.4415146654835531,46,nist,joint_gradual,exclude_bright_zero,raw,joint_gradual,"scheduled interruption, before final channel return"
3,297,0.06264153030259496,0.12610294376590342,0.3872053872053872,0.7508417508417509,0.8754208754208754,0.42343698789180056,46,nist,joint_gradual,exclude_bright_zero,raw,joint_gradual,"scheduled interruption, before final channel return"
4,295,0.06146078190694231,0.1257850319273604,0.41694915254237286,0.7593220338983051,0.8677966101694915,0.4137981000635776,45,nist,joint_gradual,exclude_bright_zero,raw,joint_gradual,"scheduled interruption, before final channel return"
1,297,0.021433526405113496,0.029368680054410335,0.07407407407407407,0.20875420875420875,0.4377104377104377,0.13127602913983455,46,colorado,clean,recorded_ac,raw,joint_gradual,"scheduled interruption, before final channel return"
2,293,0.05021764936959127,0.0830394521495919,0.06825938566552901,0.14675767918088736,0.40955631399317405,0.4049209012366521,45,colorado,clean,recorded_ac,raw,joint_gradual,"scheduled interruption, before final channel return"
3,292,0.07103923803467853,0.11999686221488914,0.08561643835616438,0.17123287671232876,0.2945205479452055,0.4032044133059073,44,colorado,clean,recorded_ac,raw,joint_gradual,"scheduled interruption, before final channel return"
4,291,0.0868143031967363,0.16521256644304394,0.05154639175257732,0.140893470790378,0.29553264604810997,0.40375656116295516,43,colorado,clean,recorded_ac,raw,joint_gradual,"scheduled interruption, before final channel return"
1,297,0.021433526405113496,0.029368680054410335,0.07407407407407407,0.20875420875420875,0.4377104377104377,0.13127602913983455,46,colorado,clean,exclude_bright_zero,raw,joint_gradual,"scheduled interruption, before final channel return"
2,293,0.05021764936959127,0.0830394521495919,0.06825938566552901,0.14675767918088736,0.40955631399317405,0.4049209012366521,45,colorado,clean,exclude_bright_zero,raw,joint_gradual,"scheduled interruption, before final channel return"
3,292,0.07103923803467853,0.11999686221488914,0.08561643835616438,0.17123287671232876,0.2945205479452055,0.4032044133059073,44,colorado,clean,exclude_bright_zero,raw,joint_gradual,"scheduled interruption, before final channel return"
4,291,0.0868143031967363,0.16521256644304394,0.05154639175257732,0.140893470790378,0.29553264604810997,0.40375656116295516,43,colorado,clean,exclude_bright_zero,raw,joint_gradual,"scheduled interruption, before final channel return"
1,297,0.08226935744410056,0.14513663662473875,0.07407407407407407,0.16835016835016836,0.2996632996632997,0.46752188788938076,46,colorado,pv_only,recorded_ac,raw,joint_gradual,"scheduled interruption, before final channel return"
2,293,0.09921829405566117,0.22672982942900907,0.040955631399317405,0.10238907849829351,0.35494880546075086,0.4524945540157482,45,colorado,pv_only,recorded_ac,raw,joint_gradual,"scheduled interruption, before final channel return"
3,292,0.10198432561294035,0.19425054478556,0.07191780821917808,0.13356164383561644,0.2226027397260274,0.42030257473959703,44,colorado,pv_only,recorded_ac,raw,joint_gradual,"scheduled interruption, before final channel return"
4,291,0.10184397716727578,0.2210791490854303,0.05154639175257732,0.09621993127147767,0.2542955326460481,0.4102567312924792,43,colorado,pv_only,recorded_ac,raw,joint_gradual,"scheduled interruption, before final channel return"
1,297,0.08226935744410056,0.14513663662473875,0.07407407407407407,0.16835016835016836,0.2996632996632997,0.46752188788938076,46,colorado,pv_only,exclude_bright_zero,raw,joint_gradual,"scheduled interruption, before final channel return"
2,293,0.09921829405566117,0.22672982942900907,0.040955631399317405,0.10238907849829351,0.35494880546075086,0.4524945540157482,45,colorado,pv_only,exclude_bright_zero,raw,joint_gradual,"scheduled interruption, before final channel return"
3,292,0.10198432561294035,0.19425054478556,0.07191780821917808,0.13356164383561644,0.2226027397260274,0.42030257473959703,44,colorado,pv_only,exclude_bright_zero,raw,joint_gradual,"scheduled interruption, before final channel return"
4,291,0.10184397716727578,0.2210791490854303,0.05154639175257732,0.09621993127147767,0.2542955326460481,0.4102567312924792,43,colorado,pv_only,exclude_bright_zero,raw,joint_gradual,"scheduled interruption, before final channel return"
1,297,0.02136263502620897,0.027805321854257603,0.11784511784511785,0.2222222222222222,0.37037037037037035,0.15156061541018978,46,colorado,irradiance_only,recorded_ac,raw,joint_gradual,"scheduled interruption, before final channel return"
2,293,0.04905825181037069,0.08362120745266592,0.06143344709897611,0.15017064846416384,0.3515358361774744,0.4210974946558256,45,colorado,irradiance_only,recorded_ac,raw,joint_gradual,"scheduled interruption, before final channel return"
3,292,0.06623671792805494,0.11195535390814351,0.07876712328767123,0.1678082191780822,0.2979452054794521,0.41429283067098843,44,colorado,irradiance_only,recorded_ac,raw,joint_gradual,"scheduled interruption, before final channel return"
4,291,0.07926238281184725,0.15203471193767132,0.08247422680412371,0.16494845360824742,0.33676975945017185,0.4175988468221055,43,colorado,irradiance_only,recorded_ac,raw,joint_gradual,"scheduled interruption, before final channel return"
1,297,0.02136263502620897,0.027805321854257603,0.11784511784511785,0.2222222222222222,0.37037037037037035,0.15156061541018978,46,colorado,irradiance_only,exclude_bright_zero,raw,joint_gradual,"scheduled interruption, before final channel return"
2,293,0.04905825181037069,0.08362120745266592,0.06143344709897611,0.15017064846416384,0.3515358361774744,0.4210974946558256,45,colorado,irradiance_only,exclude_bright_zero,raw,joint_gradual,"scheduled interruption, before final channel return"
3,292,0.06623671792805494,0.11195535390814351,0.07876712328767123,0.1678082191780822,0.2979452054794521,0.41429283067098843,44,colorado,irradiance_only,exclude_bright_zero,raw,joint_gradual,"scheduled interruption, before final channel return"
4,291,0.07926238281184725,0.15203471193767132,0.08247422680412371,0.16494845360824742,0.33676975945017185,0.4175988468221055,43,colorado,irradiance_only,exclude_bright_zero,raw,joint_gradual,"scheduled interruption, before final channel return"
1,297,0.06855994603413659,0.06473215516471477,0.05723905723905724,0.16161616161616163,0.2895622895622896,0.48594247013901287,46,colorado,joint_immediate,recorded_ac,raw,joint_gradual,"scheduled interruption, before final channel return"
2,293,0.09605457758798051,0.22363876382021736,0.03754266211604096,0.11604095563139932,0.25597269624573377,0.4604323784542795,45,colorado,joint_immediate,recorded_ac,raw,joint_gradual,"scheduled interruption, before final channel return"
3,292,0.09585659013797902,0.181348153032707,0.07876712328767123,0.13356164383561644,0.22945205479452055,0.4304560677357588,44,colorado,joint_immediate,recorded_ac,raw,joint_gradual,"scheduled interruption, before final channel return"
4,291,0.09407187323201728,0.20274989921611375,0.05154639175257732,0.13058419243986255,0.30584192439862545,0.4235604958140759,43,colorado,joint_immediate,recorded_ac,raw,joint_gradual,"scheduled interruption, before final channel return"
1,297,0.06855994603413659,0.06473215516471477,0.05723905723905724,0.16161616161616163,0.2895622895622896,0.48594247013901287,46,colorado,joint_immediate,exclude_bright_zero,raw,joint_gradual,"scheduled interruption, before final channel return"
2,293,0.09605457758798051,0.22363876382021736,0.03754266211604096,0.11604095563139932,0.25597269624573377,0.4604323784542795,45,colorado,joint_immediate,exclude_bright_zero,raw,joint_gradual,"scheduled interruption, before final channel return"
3,292,0.09585659013797902,0.181348153032707,0.07876712328767123,0.13356164383561644,0.22945205479452055,0.4304560677357588,44,colorado,joint_immediate,exclude_bright_zero,raw,joint_gradual,"scheduled interruption, before final channel return"
4,291,0.09407187323201728,0.20274989921611375,0.05154639175257732,0.13058419243986255,0.30584192439862545,0.4235604958140759,43,colorado,joint_immediate,exclude_bright_zero,raw,joint_gradual,"scheduled interruption, before final channel return"
1,297,0.06855994603413659,0.06473215516471477,0.05723905723905724,0.16161616161616163,0.2895622895622896,0.48594247013901287,46,colorado,joint_gradual,recorded_ac,raw,joint_gradual,"scheduled interruption, before final channel return"
2,293,0.09605457758798051,0.22363876382021736,0.03754266211604096,0.11604095563139932,0.25597269624573377,0.4604323784542795,45,colorado,joint_gradual,recorded_ac,raw,joint_gradual,"scheduled interruption, before final channel return"
3,292,0.09585659013797902,0.181348153032707,0.07876712328767123,0.13356164383561644,0.22945205479452055,0.4304560677357588,44,colorado,joint_gradual,recorded_ac,raw,joint_gradual,"scheduled interruption, before final channel return"
4,291,0.09407187323201728,0.20274989921611375,0.05154639175257732,0.13058419243986255,0.30584192439862545,0.4235604958140759,43,colorado,joint_gradual,recorded_ac,raw,joint_gradual,"scheduled interruption, before final channel return"
1,297,0.06855994603413659,0.06473215516471477,0.05723905723905724,0.16161616161616163,0.2895622895622896,0.48594247013901287,46,colorado,joint_gradual,exclude_bright_zero,raw,joint_gradual,"scheduled interruption, before final channel return"
2,293,0.09605457758798051,0.22363876382021736,0.03754266211604096,0.11604095563139932,0.25597269624573377,0.4604323784542795,45,colorado,joint_gradual,exclude_bright_zero,raw,joint_gradual,"scheduled interruption, before final channel return"
3,292,0.09585659013797902,0.181348153032707,0.07876712328767123,0.13356164383561644,0.22945205479452055,0.4304560677357588,44,colorado,joint_gradual,exclude_bright_zero,raw,joint_gradual,"scheduled interruption, before final channel return"
4,291,0.09407187323201728,0.20274989921611375,0.05154639175257732,0.13058419243986255,0.30584192439862545,0.4235604958140759,43,colorado,joint_gradual,exclude_bright_zero,raw,joint_gradual,"scheduled interruption, before final channel return"
