site,phase,contrast,events,mean_nwis_difference,ci_lower,ci_upper
colorado,outage,MI_minus_SI_compact,26,-0.0012786351949474867,-0.005814768485737141,0.0030673265965266714
colorado,outage,MI_minus_SI_flexible,26,-0.00677641971431519,-0.011742957361475211,-0.0019680284468306664
colorado,outage,joint_gradual_minus_immediate__geometric_persistence,26,0.0,0.0,0.0
colorado,outage,joint_gradual_minus_immediate__multiple_imputation_compact,26,0.0,0.0,0.0
colorado,outage,joint_gradual_minus_immediate__persistence,26,0.0,0.0,0.0
colorado,outage,joint_gradual_minus_immediate__quantile_flexible,26,0.0,0.0,0.0
colorado,outage,joint_gradual_minus_immediate__single_imputation_compact,26,0.0,0.0,0.0
colorado,outage,joint_none_minus_immediate__geometric_persistence,26,0.0,0.0,0.0
colorado,outage,joint_none_minus_immediate__multiple_imputation_compact,26,0.0,0.0,0.0
colorado,outage,joint_none_minus_immediate__persistence,26,0.0,0.0,0.0
colorado,outage,joint_none_minus_immediate__quantile_flexible,26,0.0,0.0,0.0
colorado,outage,joint_none_minus_immediate__single_imputation_compact,26,0.0,0.0,0.0
colorado,partial_restoration,MI_minus_SI_compact,26,-0.0012661062671359324,-0.0033959854877572554,0.00028151768422129703
colorado,partial_restoration,MI_minus_SI_flexible,26,-0.0030776951197985613,-0.006075551708809392,-0.00099052798308011
colorado,recovery_0_6,MI_minus_SI_compact,26,-0.00038264377152187325,-0.0007314964852070842,-9.758505020445214e-05
colorado,recovery_0_6,MI_minus_SI_flexible,26,-0.0011493507482323534,-0.0018305843617941445,-0.0005453476192356141
colorado,recovery_0_6,joint_gradual_minus_immediate__geometric_persistence,22,0.0,0.0,0.0
colorado,recovery_0_6,joint_gradual_minus_immediate__multiple_imputation_compact,22,5.343603939099168e-05,-0.0007846209974124427,0.0009696518948230988
colorado,recovery_0_6,joint_gradual_minus_immediate__persistence,22,0.0,0.0,0.0
colorado,recovery_0_6,joint_gradual_minus_immediate__quantile_flexible,22,0.003648042482225253,0.0012185134245334293,0.006480725401925662
colorado,recovery_0_6,joint_gradual_minus_immediate__single_imputation_compact,22,0.001121347408378131,-3.941264760435957e-05,0.0025298163438519806
colorado,recovery_0_6,joint_none_minus_immediate__geometric_persistence,22,0.0,0.0,0.0
colorado,recovery_0_6,joint_none_minus_immediate__multiple_imputation_compact,22,0.0001256310239250232,-0.0016679229728708736,0.0020112999827554745
colorado,recovery_0_6,joint_none_minus_immediate__persistence,22,0.0,0.0,0.0
colorado,recovery_0_6,joint_none_minus_immediate__quantile_flexible,22,0.006241491307575334,0.0017783056611263145,0.01100918535600999
colorado,recovery_0_6,joint_none_minus_immediate__single_imputation_compact,22,0.00048491517207940367,-0.0008201616532896966,0.0018961010670745925
colorado,recovery_6_24,MI_minus_SI_compact,26,-0.00016185640503560764,-0.0003941314423204811,2.9860603562674576e-05
colorado,recovery_6_24,MI_minus_SI_flexible,26,-0.0003909887277869361,-0.0006871187523786417,-9.752245993667661e-05
colorado,recovery_6_24,joint_gradual_minus_immediate__geometric_persistence,26,0.0,0.0,0.0
colorado,recovery_6_24,joint_gradual_minus_immediate__multiple_imputation_compact,26,0.0,0.0,0.0
colorado,recovery_6_24,joint_gradual_minus_immediate__persistence,26,0.0,0.0,0.0
colorado,recovery_6_24,joint_gradual_minus_immediate__quantile_flexible,26,0.0,0.0,0.0
colorado,recovery_6_24,joint_gradual_minus_immediate__single_imputation_compact,26,0.0,0.0,0.0
colorado,recovery_6_24,joint_none_minus_immediate__geometric_persistence,26,0.0,0.0,0.0
colorado,recovery_6_24,joint_none_minus_immediate__multiple_imputation_compact,26,-0.0019248193190203702,-0.005263041887475216,0.0011253857337416714
colorado,recovery_6_24,joint_none_minus_immediate__persistence,26,0.0,0.0,0.0
colorado,recovery_6_24,joint_none_minus_immediate__quantile_flexible,26,0.0052916807717955155,0.0020252752609581327,0.008640819804786665
colorado,recovery_6_24,joint_none_minus_immediate__single_imputation_compact,26,-0.0007114929182100199,-0.0034682946135326867,0.0018001345045817873
nist,outage,MI_minus_SI_compact,25,-0.009768743282689901,-0.018204584649627407,-0.002253607108290072
nist,outage,MI_minus_SI_flexible,25,-0.016763645351933917,-0.026567738949438962,-0.007804062585842273
nist,outage,joint_gradual_minus_immediate__geometric_persistence,25,0.0,0.0,0.0
nist,outage,joint_gradual_minus_immediate__multiple_imputation_compact,25,0.0,0.0,0.0
nist,outage,joint_gradual_minus_immediate__persistence,25,0.0,0.0,0.0
nist,outage,joint_gradual_minus_immediate__quantile_flexible,25,0.0,0.0,0.0
nist,outage,joint_gradual_minus_immediate__single_imputation_compact,25,0.0,0.0,0.0
nist,outage,joint_none_minus_immediate__geometric_persistence,25,0.0,0.0,0.0
nist,outage,joint_none_minus_immediate__multiple_imputation_compact,25,0.0,0.0,0.0
nist,outage,joint_none_minus_immediate__persistence,25,0.0,0.0,0.0
nist,outage,joint_none_minus_immediate__quantile_flexible,25,0.0,0.0,0.0
nist,outage,joint_none_minus_immediate__single_imputation_compact,25,0.0,0.0,0.0
nist,partial_restoration,MI_minus_SI_compact,25,-0.0004425715694946395,-0.0023407005627685347,0.0013991081934784338
nist,partial_restoration,MI_minus_SI_flexible,25,-0.0034095995584328804,-0.006143652862819391,-0.0007601815967586098
nist,recovery_0_6,MI_minus_SI_compact,25,0.00031002637891235936,-0.000258364217433605,0.0009034625613768779
nist,recovery_0_6,MI_minus_SI_flexible,25,7.257669679909963e-05,-0.0010833583886914594,0.0014014399037636956
nist,recovery_0_6,joint_gradual_minus_immediate__geometric_persistence,23,0.0,0.0,0.0
nist,recovery_0_6,joint_gradual_minus_immediate__multiple_imputation_compact,23,0.0006805906444491477,-0.0003429541420623393,0.0019857432940894636
nist,recovery_0_6,joint_gradual_minus_immediate__persistence,23,0.0,0.0,0.0
nist,recovery_0_6,joint_gradual_minus_immediate__quantile_flexible,23,0.0006753505225494448,-0.0013200395924885737,0.002643774508526587
nist,recovery_0_6,joint_gradual_minus_immediate__single_imputation_compact,23,-0.0001233139032975023,-0.0013203807949031979,0.0010752420156259102
nist,recovery_0_6,joint_none_minus_immediate__geometric_persistence,23,0.0,0.0,0.0
nist,recovery_0_6,joint_none_minus_immediate__multiple_imputation_compact,23,0.003564816509359542,-0.0004809810252160661,0.008311937676905587
nist,recovery_0_6,joint_none_minus_immediate__persistence,23,0.0,0.0,0.0
nist,recovery_0_6,joint_none_minus_immediate__quantile_flexible,23,0.007468622101143308,0.0003910135659487802,0.015213362007145733
nist,recovery_0_6,joint_none_minus_immediate__single_imputation_compact,23,0.0007279787403824438,-0.0022910048656640935,0.004381165537911574
nist,recovery_6_24,MI_minus_SI_compact,26,0.0005392595942532964,9.51585537686044e-06,0.0011629439441691865
nist,recovery_6_24,MI_minus_SI_flexible,26,0.00032040322279847046,-0.00028832281958784804,0.0010401790783137266
nist,recovery_6_24,joint_gradual_minus_immediate__geometric_persistence,26,0.0,0.0,0.0
nist,recovery_6_24,joint_gradual_minus_immediate__multiple_imputation_compact,26,0.0,0.0,0.0
nist,recovery_6_24,joint_gradual_minus_immediate__persistence,26,0.0,0.0,0.0
nist,recovery_6_24,joint_gradual_minus_immediate__quantile_flexible,26,0.0,0.0,0.0
nist,recovery_6_24,joint_gradual_minus_immediate__single_imputation_compact,26,0.0,0.0,0.0
nist,recovery_6_24,joint_none_minus_immediate__geometric_persistence,26,0.0,0.0,0.0
nist,recovery_6_24,joint_none_minus_immediate__multiple_imputation_compact,26,0.0024813127522910045,-0.0006996466214738505,0.005621603266054387
nist,recovery_6_24,joint_none_minus_immediate__persistence,26,0.0,0.0,0.0
nist,recovery_6_24,joint_none_minus_immediate__quantile_flexible,26,0.010516304413873924,0.0061216457943956935,0.015479721483119277
nist,recovery_6_24,joint_none_minus_immediate__single_imputation_compact,26,0.0011460994806696393,-0.0016347323304146582,0.0036751676361417417
