site,scenario,period,method,horizon,n,nwis,nmae,coverage50,coverage80,coverage90,nwidth90,events
nist,clean,development_evaluation,aci_bounded,1,2138,0.03379231569730126,0.0539622780479579,0.500467726847521,0.7988774555659495,0.8961646398503275,0.2891046428184604,0
nist,clean,development_evaluation,aci_bounded,2,2137,0.044060053289866875,0.07507001454839142,0.4983621899859616,0.7922321010762752,0.9012634534394011,0.35885701695023436,0
nist,clean,development_evaluation,aci_bounded,3,2137,0.05094477908418797,0.08785891739246868,0.49602246139447825,0.8001871782873187,0.9012634534394011,0.43790983837393227,0
nist,clean,development_evaluation,aci_bounded,4,2137,0.055192989082962496,0.09945454367384762,0.4946186242395882,0.7955077211043519,0.9017313991576977,0.41014731854827585,0
nist,clean,development_evaluation,mask50,1,2138,0.033805394548878494,0.0539622780479579,0.4990645463049579,0.803086997193639,0.901309635173059,0.2906619365231442,0
nist,clean,development_evaluation,mask50,2,2137,0.044044066373487574,0.07507001454839142,0.499298081422555,0.7987833411324287,0.9050070191857744,0.3600355176898034,0
nist,clean,development_evaluation,mask50,3,2137,0.050908623139485736,0.08785891739246868,0.5063172671970051,0.8062704726251755,0.9115582592419279,0.4409064654789659,0
nist,clean,development_evaluation,mask50,4,2137,0.05517211394434395,0.09945454367384762,0.5025737014506317,0.8001871782873187,0.9078146934955545,0.4103393038104954,0
nist,clean,development_evaluation,physical,1,2138,0.03361504951149958,0.0539622780479579,0.5018709073900842,0.8096351730589336,0.9092609915809168,0.2928718202427711,0
nist,clean,development_evaluation,physical,2,2137,0.04384702036106976,0.07507001454839142,0.5044454843238184,0.8086102012166588,0.9162377164248947,0.3631178789327728,0
nist,clean,development_evaluation,physical,3,2137,0.0507008262567998,0.08785891739246868,0.5105287786616752,0.8203088441740758,0.9204492278895648,0.4426477287832972,0
nist,clean,development_evaluation,physical,4,2137,0.054988776412788,0.09945454367384762,0.5067852129153019,0.8132896583996256,0.9124941506785212,0.4137040606606224,0
nist,clean,development_evaluation,physical_recovery,1,2138,0.03361035063502564,0.0539622780479579,0.4990645463049579,0.8091674462114126,0.9092609915809168,0.2932846285035851,0
nist,clean,development_evaluation,physical_recovery,2,2137,0.04385238218621959,0.07507001454839142,0.5039775386055217,0.8072063640617688,0.9134300421151147,0.36259855574785627,0
nist,clean,development_evaluation,physical_recovery,3,2137,0.050719065315344994,0.08785891739246868,0.5100608329433786,0.8184370613008891,0.9199812821712682,0.44253116458940334,0
nist,clean,development_evaluation,physical_recovery,4,2137,0.05500669078513682,0.09945454367384762,0.5058493214787084,0.810014038371549,0.912962096396818,0.4136586766061503,0
nist,clean,development_evaluation,raw,1,2138,0.034054878651429706,0.0539622780479579,0.3713751169317119,0.7174929840972872,0.8479887745556595,0.2745204307429185,0
nist,clean,development_evaluation,raw,2,2137,0.04464186383906248,0.07507001454839142,0.386055217594759,0.6635470285446888,0.8441740758072064,0.3385128840120883,0
nist,clean,development_evaluation,raw,3,2137,0.05145654880960242,0.08785891739246868,0.3916705662143191,0.6902199344875994,0.8909686476368741,0.4325295485249832,0
nist,clean,development_evaluation,raw,4,2137,0.05582608569583774,0.09945454367384762,0.37201684604585866,0.6747777257838091,0.8427702386523164,0.39031307295987894,0
nist,clean,development_evaluation,recency,1,2138,0.03379182457318696,0.0539622780479579,0.5014031805425632,0.80355472404116,0.9008419083255379,0.2905173395466401,0
nist,clean,development_evaluation,recency,2,2137,0.044025832515768054,0.07507001454839142,0.5039775386055217,0.7978474496958353,0.9064108563406644,0.36119096987985794,0
nist,clean,development_evaluation,recency,3,2137,0.05089786060861618,0.08785891739246868,0.5039775386055217,0.8067384183434722,0.912962096396818,0.4415316012527615,0
nist,clean,development_evaluation,recency,4,2137,0.05515322109111316,0.09945454367384762,0.5067852129153019,0.8020589611605053,0.9096864763687412,0.41067892769248826,0
nist,clean,development_evaluation,rolling,1,2138,0.03379137229725488,0.0539622780479579,0.4976613657623948,0.7998129092609916,0.901309635173059,0.28984815181848916,0
nist,clean,development_evaluation,rolling,2,2137,0.04406820730143755,0.07507001454839142,0.5049134300421151,0.7959756668226485,0.9059429106223678,0.36130147926544787,0
nist,clean,development_evaluation,rolling,3,2137,0.050940553345712215,0.08785891739246868,0.5058493214787084,0.8086102012166588,0.9148338792700047,0.44138118756034456,0
nist,clean,development_evaluation,rolling,4,2137,0.05520532355104864,0.09945454367384762,0.5109967243799719,0.802526906878802,0.9059429106223678,0.41089013780252015,0
nist,clean,validation,aci_bounded,1,1899,0.034830448108188874,0.05462363116270238,0.4918378093733544,0.7946287519747235,0.9031068983675619,0.2999628877895283,0
nist,clean,validation,aci_bounded,2,1899,0.04727283455933213,0.08023277938866254,0.49921011058451814,0.7977883096366508,0.8999473407056345,0.3954355289368323,0
nist,clean,validation,aci_bounded,3,1899,0.05670950507438363,0.09809786475171993,0.4939441811479726,0.7977883096366508,0.8983675618746709,0.4674087893205119,0
nist,clean,validation,aci_bounded,4,1899,0.06308036032589326,0.11404450402583867,0.4965771458662454,0.7904160084254871,0.8983675618746709,0.4556575253496204,0
nist,clean,validation,mask50,1,1899,0.03478735411651477,0.05462363116270238,0.49973670352817273,0.8025276461295419,0.908899420747762,0.3011255846197009,0
nist,clean,validation,mask50,2,1899,0.04724648211080544,0.08023277938866254,0.507635597682991,0.7983149025803055,0.9010005265929436,0.39565385782796136,0
nist,clean,validation,mask50,3,1899,0.05663812913079285,0.09809786475171993,0.5039494470774092,0.7962085308056872,0.9041600842548709,0.4682833227671316,0
nist,clean,validation,mask50,4,1899,0.06300335311231053,0.11404450402583867,0.49921011058451814,0.8025276461295419,0.9062664560294892,0.4561661301984096,0
nist,clean,validation,physical,1,1899,0.0346944860733704,0.05462363116270238,0.4986835176408636,0.8030542390731964,0.9094260136914165,0.30276585060894323,0
nist,clean,validation,physical,2,1899,0.047024317562495095,0.08023277938866254,0.5002632964718273,0.8109531332280148,0.9062664560294892,0.39905378503248745,0
nist,clean,validation,physical,3,1899,0.05622263236814925,0.09809786475171993,0.5002632964718273,0.809373354397051,0.9104791995787257,0.47199678550422813,0
nist,clean,validation,physical,4,1899,0.0624758056255866,0.11404450402583867,0.5107951553449184,0.8130595050026329,0.9083728278041074,0.4619367256081449,0
nist,clean,validation,physical_recovery,1,1899,0.03468970951264032,0.05462363116270238,0.5071090047393365,0.8056872037914692,0.9094260136914165,0.3031257499819816,0
nist,clean,validation,physical_recovery,2,1899,0.047020686609701684,0.08023277938866254,0.5028962611901,0.8120063191153238,0.9057398630858347,0.39947572128133374,0
nist,clean,validation,physical_recovery,3,1899,0.056232199825249254,0.09809786475171993,0.5013164823591364,0.8067403896787783,0.9083728278041074,0.47211783378770833,0
nist,clean,validation,physical_recovery,4,1899,0.06249393794703367,0.11404450402583867,0.5071090047393365,0.8125329120589784,0.9110057925223802,0.4621721652536121,0
nist,clean,validation,raw,1,1899,0.03518015752225374,0.05462363116270238,0.36808846761453395,0.6972090573986308,0.8183254344391785,0.27507843367567264,0
nist,clean,validation,raw,2,1899,0.048286360323711766,0.08023277938866254,0.34807793575566087,0.6197998946814113,0.7783043707214323,0.3538901489320251,0
nist,clean,validation,raw,3,1899,0.057887538887409905,0.09809786475171993,0.33649289099526064,0.6092680358083201,0.8141126908899421,0.43937949811992505,0
nist,clean,validation,raw,4,1899,0.0647826803224419,0.11404450402583867,0.3175355450236967,0.5839915745129015,0.741969457609268,0.407103014048551,0
nist,clean,validation,recency,1,1899,0.03477632336625792,0.05462363116270238,0.4939441811479726,0.8004212743549236,0.9083728278041074,0.30056850091621884,0
nist,clean,validation,recency,2,1899,0.04722759201074707,0.08023277938866254,0.5007898894154819,0.7972617166929963,0.9010005265929436,0.39550841674620757,0
nist,clean,validation,recency,3,1899,0.05659825117665789,0.09809786475171993,0.5007898894154819,0.7983149025803055,0.9036334913112164,0.4683203806979196,0
nist,clean,validation,recency,4,1899,0.0629756482850496,0.11404450402583867,0.49973670352817273,0.7983149025803055,0.9036334913112164,0.4561571355031535,0
nist,clean,validation,rolling,1,1899,0.03481990994303197,0.05462363116270238,0.49499736703528174,0.7993680884676145,0.9062664560294892,0.3012141604229279,0
nist,clean,validation,rolling,2,1899,0.047256699649755665,0.08023277938866254,0.4976303317535545,0.8030542390731964,0.9025803054239073,0.3963466579461653,0
nist,clean,validation,rolling,3,1899,0.05668509644171077,0.09809786475171993,0.5002632964718273,0.8004212743549236,0.9015271195365983,0.46934564745750873,0
nist,clean,validation,rolling,4,1899,0.06304904642715357,0.11404450402583867,0.5007898894154819,0.7925223802001053,0.9031068983675619,0.4575008070659218,0
nist,clean,warmup,aci_bounded,1,289,0.030941868609207043,0.04830888055433251,0.5397923875432526,0.8373702422145328,0.8961937716262975,0.27995485123563085,0
nist,clean,warmup,aci_bounded,2,289,0.047708686779271134,0.0826675828824267,0.5155709342560554,0.8339100346020761,0.903114186851211,0.3946194363376512,0
nist,clean,warmup,aci_bounded,3,289,0.06027623028857613,0.10805242114854977,0.5605536332179931,0.8131487889273357,0.9273356401384083,0.49079149022356006,0
nist,clean,warmup,aci_bounded,4,289,0.07271172793707475,0.13393656457562994,0.5536332179930796,0.8546712802768166,0.8996539792387543,0.4963126859495571,0
nist,clean,warmup,mask50,1,289,0.03091323168307334,0.04830888055433251,0.5190311418685121,0.8304498269896193,0.889273356401384,0.27789708487694026,0
nist,clean,warmup,mask50,2,289,0.04761158230380993,0.0826675828824267,0.5224913494809689,0.8200692041522492,0.903114186851211,0.3881862303617819,0
nist,clean,warmup,mask50,3,289,0.060114173619674006,0.10805242114854977,0.5432525951557093,0.8062283737024222,0.9204152249134948,0.4859713800774395,0
nist,clean,warmup,mask50,4,289,0.0724683384146316,0.13393656457562994,0.5397923875432526,0.8442906574394463,0.8858131487889274,0.49117473469952605,0
nist,clean,warmup,physical,1,289,0.030829094358946273,0.04830888055433251,0.5294117647058824,0.8269896193771626,0.903114186851211,0.2776136448895695,0
nist,clean,warmup,physical,2,289,0.04749545204667602,0.0826675828824267,0.5190311418685121,0.8269896193771626,0.903114186851211,0.391327406771084,0
nist,clean,warmup,physical,3,289,0.06007128144394207,0.10805242114854977,0.5605536332179931,0.8062283737024222,0.9204152249134948,0.4871511671426544,0
nist,clean,warmup,physical,4,289,0.07256076971286653,0.13393656457562994,0.5640138408304498,0.8442906574394463,0.889273356401384,0.49424061793630975,0
nist,clean,warmup,physical_recovery,1,289,0.03081579859055046,0.04830888055433251,0.5190311418685121,0.8235294117647058,0.903114186851211,0.27766500758760904,0
nist,clean,warmup,physical_recovery,2,289,0.047494268347533425,0.0826675828824267,0.5190311418685121,0.8304498269896193,0.9100346020761245,0.39197885896302864,0
nist,clean,warmup,physical_recovery,3,289,0.06005864340807899,0.10805242114854977,0.5501730103806228,0.8166089965397924,0.9238754325259516,0.4869842086273649,0
nist,clean,warmup,physical_recovery,4,289,0.07256672643802507,0.13393656457562994,0.5640138408304498,0.8477508650519031,0.889273356401384,0.4942342486540768,0
nist,clean,warmup,raw,1,289,0.03130787286588715,0.04830888055433251,0.35986159169550175,0.6920415224913494,0.8166089965397924,0.2437806308792939,0
nist,clean,warmup,raw,2,289,0.04881447472345098,0.0826675828824267,0.35986159169550175,0.5986159169550173,0.7820069204152249,0.33465650222114435,0
nist,clean,warmup,raw,3,289,0.06136852880250617,0.10805242114854977,0.3494809688581315,0.6055363321799307,0.8096885813148789,0.4341090166952678,0
nist,clean,warmup,raw,4,289,0.07354554636768136,0.13393656457562994,0.36678200692041524,0.5951557093425606,0.7508650519031141,0.4230028457110819,0
nist,clean,warmup,recency,1,289,0.03092130228138265,0.04830888055433251,0.5224913494809689,0.8339100346020761,0.8858131487889274,0.2780452424305421,0
nist,clean,warmup,recency,2,289,0.04762333751949641,0.0826675828824267,0.5155709342560554,0.8131487889273357,0.8996539792387543,0.38810010228671604,0
nist,clean,warmup,recency,3,289,0.060151304250121586,0.10805242114854977,0.5570934256055363,0.8027681660899654,0.916955017301038,0.48589123994593486,0
nist,clean,warmup,recency,4,289,0.07250531681514419,0.13393656457562994,0.5432525951557093,0.8373702422145328,0.8823529411764706,0.4913423477955004,0
nist,clean,warmup,rolling,1,289,0.030928294264950383,0.04830888055433251,0.5432525951557093,0.8373702422145328,0.889273356401384,0.27830427062429175,0
nist,clean,warmup,rolling,2,289,0.04767343753823716,0.0826675828824267,0.5017301038062284,0.8304498269896193,0.903114186851211,0.39059556545720747,0
nist,clean,warmup,rolling,3,289,0.060289735796340796,0.10805242114854977,0.5640138408304498,0.8062283737024222,0.9204152249134948,0.4900101512499344,0
nist,clean,warmup,rolling,4,289,0.0727463753163997,0.13393656457562994,0.5570934256055363,0.8546712802768166,0.8927335640138409,0.4934564160120858,0
nist,joint_gradual,development_evaluation,aci_bounded,1,2138,0.03694606428241626,0.06006287538203265,0.4971936389148737,0.7993451824134705,0.8971000935453695,0.3085269138297644,26
nist,joint_gradual,development_evaluation,aci_bounded,2,2137,0.045988647859173226,0.08024737656036833,0.49227889564810484,0.7941038839494619,0.9003275620028077,0.3671103561147278,26
nist,joint_gradual,development_evaluation,aci_bounded,3,2137,0.052316416229779054,0.09165350806394758,0.4955545156761816,0.8006551240056153,0.8975198876930276,0.43898332641641197,26
nist,joint_gradual,development_evaluation,aci_bounded,4,2137,0.055960263174355165,0.10203787749495387,0.4946186242395882,0.7973795039775387,0.9036031820308844,0.4109452884925222,26
nist,joint_gradual,development_evaluation,mask50,1,2138,0.03693264950825317,0.06006287538203265,0.4953227315247895,0.7984097287184284,0.8961646398503275,0.3079553715961435,26
nist,joint_gradual,development_evaluation,mask50,2,2137,0.045940949055287505,0.08024737656036833,0.49134300421151145,0.7936359382311652,0.9017313991576977,0.36558540113889304,26
nist,joint_gradual,development_evaluation,mask50,3,2137,0.05225495168337849,0.09165350806394758,0.5016378100140384,0.799719232569022,0.9026672905942911,0.43995318697743996,26
nist,joint_gradual,development_evaluation,mask50,4,2137,0.05587535260864141,0.10203787749495387,0.4955545156761816,0.7922321010762752,0.9036031820308844,0.40904108304045306,26
nist,joint_gradual,development_evaluation,physical,1,2138,0.03676946367658512,0.06006287538203265,0.4962581852198316,0.8058933582787652,0.9036482694106641,0.3101677030440429,26
nist,joint_gradual,development_evaluation,physical,2,2137,0.045767266272525864,0.08024737656036833,0.4955545156761816,0.8039307440336921,0.9138979878334114,0.3689189316937701,26
nist,joint_gradual,development_evaluation,physical,3,2137,0.052059512075398266,0.09165350806394758,0.5039775386055217,0.8179691155825924,0.9134300421151147,0.4423073379520694,26
nist,joint_gradual,development_evaluation,physical,4,2137,0.05573000043646008,0.10203787749495387,0.5016378100140384,0.8081422554983622,0.9110903135236312,0.4130784267890937,26
nist,joint_gradual,development_evaluation,physical_recovery,1,2138,0.036757367617105824,0.06006287538203265,0.49345182413470534,0.8068288119738073,0.90177736202058,0.31005265387085507,26
nist,joint_gradual,development_evaluation,physical_recovery,2,2137,0.045756984335540866,0.08024737656036833,0.4908750584932148,0.802526906878802,0.9120262049602246,0.36845022269755257,26
nist,joint_gradual,development_evaluation,physical_recovery,3,2137,0.05205839275947299,0.09165350806394758,0.5007019185774451,0.8086102012166588,0.912962096396818,0.44204114344646855,26
nist,joint_gradual,development_evaluation,physical_recovery,4,2137,0.05570477108983711,0.10203787749495387,0.4969583528310716,0.8076743097800655,0.912962096396818,0.4120849888604454,26
nist,joint_gradual,development_evaluation,raw,1,2138,0.03720726580783922,0.06006287538203265,0.37418147801683815,0.7114125350795135,0.8419083255378859,0.291587290156033,26
nist,joint_gradual,development_evaluation,raw,2,2137,0.04658978500523617,0.08024737656036833,0.38324754328497895,0.6686944314459523,0.8460458586803931,0.3458426890424701,26
nist,joint_gradual,development_evaluation,raw,3,2137,0.052867352357794314,0.09165350806394758,0.3902667290594291,0.6855404773046326,0.8773982218062705,0.42984631137280743,26
nist,joint_gradual,development_evaluation,raw,4,2137,0.056606823027359365,0.10203787749495387,0.37201684604585866,0.671970051474029,0.843238184370613,0.39139918197165213,26
nist,joint_gradual,development_evaluation,recency,1,2138,0.03693811118278765,0.06006287538203265,0.500467726847521,0.8021515434985969,0.9003741814780168,0.31006566910800204,26
nist,joint_gradual,development_evaluation,recency,2,2137,0.04594760660424162,0.08024737656036833,0.4983621899859616,0.8015910154422087,0.9054749649040711,0.36795347611372314,26
nist,joint_gradual,development_evaluation,recency,3,2137,0.052278099962859176,0.09165350806394758,0.5072531586335985,0.8081422554983622,0.9106223678053346,0.44225392460216606,26
nist,joint_gradual,development_evaluation,recency,4,2137,0.05591169643524624,0.10203787749495387,0.5039775386055217,0.7978474496958353,0.9087505849321479,0.4120122268430797,26
nist,joint_gradual,development_evaluation,rolling,1,2138,0.036943160928303624,0.06006287538203265,0.49859681945743684,0.7988774555659495,0.9003741814780168,0.3090413342327427,26
nist,joint_gradual,development_evaluation,rolling,2,2137,0.045994138494553936,0.08024737656036833,0.4969583528310716,0.7987833411324287,0.9050070191857744,0.3684653437477657,26
nist,joint_gradual,development_evaluation,rolling,3,2137,0.052314171645847486,0.09165350806394758,0.5086569957884886,0.8086102012166588,0.9082826392138512,0.4417965255941052,26
nist,joint_gradual,development_evaluation,rolling,4,2137,0.05595996907666023,0.10203787749495387,0.5100608329433786,0.802526906878802,0.9068788020589612,0.4120919976516569,26
nist,joint_gradual,validation,aci_bounded,1,1899,0.0384767553359481,0.06251622343345827,0.4939441811479726,0.7962085308056872,0.9031068983675619,0.32315394929669816,22
nist,joint_gradual,validation,aci_bounded,2,1899,0.049459984783966245,0.08543197255891222,0.5023696682464455,0.7983149025803055,0.8988941548183255,0.4047310813830854,22
nist,joint_gradual,validation,aci_bounded,3,1899,0.05793428920037924,0.10137226091098599,0.49710373880989994,0.7998946814112691,0.89942074776198,0.471278437257672,22
nist,joint_gradual,validation,aci_bounded,4,1899,0.06365956053306422,0.1158682493090505,0.4960505529225908,0.7888362295945235,0.8983675618746709,0.45961038256579756,22
nist,joint_gradual,validation,mask50,1,1899,0.03843543611794637,0.06251622343345827,0.5002632964718273,0.8025276461295419,0.9036334913112164,0.3225939718082502,22
nist,joint_gradual,validation,mask50,2,1899,0.04943915718324374,0.08543197255891222,0.5013164823591364,0.7946287519747235,0.8978409689310163,0.4039651853674409,22
nist,joint_gradual,validation,mask50,3,1899,0.057894797993230954,0.10137226091098599,0.4986835176408636,0.7919957872564508,0.8983675618746709,0.46965412431509196,22
nist,joint_gradual,validation,mask50,4,1899,0.06359620954381602,0.1158682493090505,0.4955239599789363,0.7951553449183781,0.8988941548183255,0.4585421445331429,22
nist,joint_gradual,validation,physical,1,1899,0.03830695190195932,0.06251622343345827,0.4976303317535545,0.8067403896787783,0.9067930489731437,0.3254898417645843,22
nist,joint_gradual,validation,physical,2,1899,0.04919579882100343,0.08543197255891222,0.49710373880989994,0.8141126908899421,0.9057398630858347,0.4080102060620036,22
nist,joint_gradual,validation,physical,3,1899,0.057495801749324504,0.10137226091098599,0.4960505529225908,0.8098999473407056,0.908899420747762,0.4746819637349969,22
nist,joint_gradual,validation,physical,4,1899,0.06311398860161112,0.1158682493090505,0.506582411795682,0.8077935755660874,0.9067930489731437,0.4648323669967763,22
nist,joint_gradual,validation,physical_recovery,1,1899,0.038305610073040695,0.06251622343345827,0.4965771458662454,0.8046340179041601,0.9067930489731437,0.32549364668786096,22
nist,joint_gradual,validation,physical_recovery,2,1899,0.049194424542132006,0.08543197255891222,0.4965771458662454,0.8062137967351237,0.9015271195365983,0.4072281283417738,22
nist,joint_gradual,validation,physical_recovery,3,1899,0.0575271203952871,0.10137226091098599,0.4913112164296998,0.8035808320168509,0.9062664560294892,0.47301611828956164,22
nist,joint_gradual,validation,physical_recovery,4,1899,0.06313771066397605,0.1158682493090505,0.5034228541337546,0.8041074249605056,0.9025803054239073,0.46302455224687367,22
nist,joint_gradual,validation,raw,1,1899,0.03886160417004193,0.06251622343345827,0.36229594523433384,0.6961558715113217,0.8193786203264877,0.29571737011972504,22
nist,joint_gradual,validation,raw,2,1899,0.050495394547871254,0.08543197255891222,0.34702474986835175,0.6240126382306477,0.7756714060031595,0.3625885122656984,22
nist,joint_gradual,validation,raw,3,1899,0.05910659572045644,0.10137226091098599,0.33754607688256977,0.6124275934702474,0.8104265402843602,0.43960390959903195,22
nist,joint_gradual,validation,raw,4,1899,0.06529454908501692,0.1158682493090505,0.3196419167983149,0.5913638757240653,0.7477619799894681,0.40918231860093024,22
nist,joint_gradual,validation,recency,1,1899,0.0384186832908964,0.06251622343345827,0.4960505529225908,0.8072669826224329,0.9067930489731437,0.3236802537289608,22
nist,joint_gradual,validation,recency,2,1899,0.04940623108566843,0.08543197255891222,0.5071090047393365,0.7935755660874144,0.8999473407056345,0.4050145798389302,22
nist,joint_gradual,validation,recency,3,1899,0.057821044533468195,0.10137226091098599,0.5028962611901,0.7967351237493417,0.9031068983675619,0.4714783328331729,22
nist,joint_gradual,validation,recency,4,1899,0.06355399307793547,0.1158682493090505,0.49973670352817273,0.7972617166929963,0.9020537124802528,0.4593858280955392,22
nist,joint_gradual,validation,rolling,1,1899,0.038473991758609376,0.06251622343345827,0.4986835176408636,0.8014744602422328,0.9057398630858347,0.32497686984681523,22
nist,joint_gradual,validation,rolling,2,1899,0.04945117721802806,0.08543197255891222,0.49973670352817273,0.8004212743549236,0.89942074776198,0.4066044720065408,22
nist,joint_gradual,validation,rolling,3,1899,0.057902685086949957,0.10137226091098599,0.5018430753027909,0.7993680884676145,0.89942074776198,0.4723132109916058,22
nist,joint_gradual,validation,rolling,4,1899,0.06363489503341278,0.1158682493090505,0.4955239599789363,0.7977883096366508,0.8988941548183255,0.4600428152364722,22
nist,joint_gradual,warmup,aci_bounded,1,289,0.03970145898606481,0.06940756688847521,0.5397923875432526,0.8235294117647058,0.8961937716262975,0.3073995491972389,4
nist,joint_gradual,warmup,aci_bounded,2,289,0.05379650368730998,0.0943404704195598,0.5017301038062284,0.8166089965397924,0.9100346020761245,0.4188179272518435,4
nist,joint_gradual,warmup,aci_bounded,3,289,0.06411494122832502,0.1145682388705664,0.5432525951557093,0.8027681660899654,0.916955017301038,0.4935923735957512,4
nist,joint_gradual,warmup,aci_bounded,4,289,0.07386343786951087,0.13629323364792545,0.5501730103806228,0.8546712802768166,0.8961937716262975,0.4951764545003209,4
nist,joint_gradual,warmup,mask50,1,289,0.03954813169490751,0.06940756688847521,0.5051903114186851,0.8166089965397924,0.8650519031141869,0.2924533633875396,4
nist,joint_gradual,warmup,mask50,2,289,0.0536539812564371,0.0943404704195598,0.49480968858131485,0.7889273356401384,0.8823529411764706,0.3952061981346421,4
nist,joint_gradual,warmup,mask50,3,289,0.06390937387051744,0.1145682388705664,0.5259515570934256,0.7889273356401384,0.8961937716262975,0.4791702000092434,4
nist,joint_gradual,warmup,mask50,4,289,0.07371585175721541,0.13629323364792545,0.532871972318339,0.8235294117647058,0.8754325259515571,0.4810757314151582,4
nist,joint_gradual,warmup,physical,1,289,0.03933356344653854,0.06940756688847521,0.5017301038062284,0.8096885813148789,0.889273356401384,0.29639138981993607,4
nist,joint_gradual,warmup,physical,2,289,0.053417956466030696,0.0943404704195598,0.5017301038062284,0.8027681660899654,0.8961937716262975,0.4023839667951376,4
nist,joint_gradual,warmup,physical,3,289,0.06384039831318104,0.1145682388705664,0.5432525951557093,0.7958477508650519,0.9065743944636678,0.4845123062821765,4
nist,joint_gradual,warmup,physical,4,289,0.07379619688633532,0.13629323364792545,0.5570934256055363,0.8304498269896193,0.8858131487889274,0.48770377471791715,4
nist,joint_gradual,warmup,physical_recovery,1,289,0.0391287788542468,0.06940756688847521,0.48788927335640137,0.8027681660899654,0.8719723183391004,0.2910540632214544,4
nist,joint_gradual,warmup,physical_recovery,2,289,0.05328909858049219,0.0943404704195598,0.4844290657439446,0.7923875432525952,0.8719723183391004,0.3941930949250028,4
nist,joint_gradual,warmup,physical_recovery,3,289,0.06371598600993149,0.1145682388705664,0.5224913494809689,0.7820069204152249,0.8823529411764706,0.47887955583991987,4
nist,joint_gradual,warmup,physical_recovery,4,289,0.07373857512855629,0.13629323364792545,0.5467128027681661,0.8304498269896193,0.8719723183391004,0.48307157950943563,4
nist,joint_gradual,warmup,raw,1,289,0.04001108232214046,0.06940756688847521,0.370242214532872,0.7058823529411765,0.8131487889273357,0.25775069057585237,4
nist,joint_gradual,warmup,raw,2,289,0.05483361574912028,0.0943404704195598,0.370242214532872,0.6089965397923875,0.7854671280276817,0.34159037877105247,4
nist,joint_gradual,warmup,raw,3,289,0.06515000531146929,0.1145682388705664,0.35294117647058826,0.6089965397923875,0.8027681660899654,0.431008690643282,4
nist,joint_gradual,warmup,raw,4,289,0.07493601913011151,0.13629323364792545,0.36678200692041524,0.5916955017301038,0.7474048442906575,0.42325405237792585,4
nist,joint_gradual,warmup,recency,1,289,0.0397039841224843,0.06940756688847521,0.5190311418685121,0.8269896193771626,0.8996539792387543,0.30507212077610474,4
nist,joint_gradual,warmup,recency,2,289,0.05385863994088455,0.0943404704195598,0.5121107266435986,0.8062283737024222,0.903114186851211,0.4090945923699633,4
nist,joint_gradual,warmup,recency,3,289,0.06399386323080494,0.1145682388705664,0.5501730103806228,0.7958477508650519,0.9100346020761245,0.4877534774721619,4
nist,joint_gradual,warmup,recency,4,289,0.07371525877487035,0.13629323364792545,0.5363321799307958,0.8408304498269896,0.8858131487889274,0.49058118149870344,4
nist,joint_gradual,warmup,rolling,1,289,0.039667528672001656,0.06940756688847521,0.5432525951557093,0.8235294117647058,0.8927335640138409,0.30432812091020395,4
nist,joint_gradual,warmup,rolling,2,289,0.05383730131176004,0.0943404704195598,0.48788927335640137,0.8166089965397924,0.9100346020761245,0.41519851722767437,4
nist,joint_gradual,warmup,rolling,3,289,0.06418672271332544,0.1145682388705664,0.5432525951557093,0.7958477508650519,0.916955017301038,0.4922440183455699,4
nist,joint_gradual,warmup,rolling,4,289,0.07391556100672952,0.13629323364792545,0.5536332179930796,0.8546712802768166,0.889273356401384,0.4915762432292861,4
colorado,clean,development_evaluation,aci_bounded,1,2182,0.03718564913090166,0.06327727028030243,0.4697525206232814,0.7777268560953254,0.8872593950504125,0.2986886703452502,0
colorado,clean,development_evaluation,aci_bounded,2,2181,0.05029350584013135,0.08947233216974493,0.4626318202659331,0.7666208161393856,0.8794131132508024,0.3933416518813644,0
colorado,clean,development_evaluation,aci_bounded,3,2180,0.05810160493248389,0.10723051388699752,0.46009174311926604,0.7605504587155963,0.8674311926605505,0.4087003611438698,0
colorado,clean,development_evaluation,aci_bounded,4,2180,0.060614003165860054,0.11583774251860435,0.46559633027522934,0.7573394495412844,0.8706422018348624,0.4164860548308367,0
colorado,clean,development_evaluation,mask50,1,2182,0.037135337602688424,0.06327727028030243,0.4747937671860678,0.7882676443629697,0.8936755270394133,0.2999936653444419,0
colorado,clean,development_evaluation,mask50,2,2181,0.0501636316292159,0.08947233216974493,0.4713434204493352,0.7854195323246217,0.8913342503438789,0.3954526922451022,0
colorado,clean,development_evaluation,mask50,3,2180,0.05782408176546247,0.10723051388699752,0.47293577981651375,0.7761467889908257,0.8821100917431193,0.41000044006835634,0
colorado,clean,development_evaluation,mask50,4,2180,0.0603143476140355,0.11583774251860435,0.47706422018348627,0.7738532110091743,0.8807339449541285,0.41872780618498323,0
colorado,clean,development_evaluation,physical,1,2182,0.036987611216116136,0.06327727028030243,0.4747937671860678,0.7914757103574702,0.9000916590284143,0.3006795238573888,0
colorado,clean,development_evaluation,physical,2,2181,0.04993118019810999,0.08947233216974493,0.46629986244841815,0.786336542870243,0.8986703347088492,0.395232760146544,0
colorado,clean,development_evaluation,physical,3,2180,0.057504819038080086,0.10723051388699752,0.47339449541284406,0.7862385321100918,0.8880733944954129,0.410658540671336,0
colorado,clean,development_evaluation,physical,4,2180,0.059963225498833296,0.11583774251860435,0.4720183486238532,0.7788990825688074,0.8885321100917432,0.41982179189710034,0
colorado,clean,development_evaluation,physical_recovery,1,2182,0.03694108724976272,0.06327727028030243,0.4747937671860678,0.7933088909257562,0.9014665444546288,0.30027924368808573,0
colorado,clean,development_evaluation,physical_recovery,2,2181,0.04983130471745267,0.08947233216974493,0.46996790463090327,0.7867950481430537,0.8995873452544704,0.3950652194816887,0
colorado,clean,development_evaluation,physical_recovery,3,2180,0.05724762645671815,0.10723051388699752,0.4779816513761468,0.7903669724770642,0.8912844036697247,0.4110493545928833,0
colorado,clean,development_evaluation,physical_recovery,4,2180,0.05973874003678919,0.11583774251860435,0.4798165137614679,0.7848623853211009,0.8917431192660551,0.420781457815947,0
colorado,clean,development_evaluation,raw,1,2182,0.037884180516567764,0.06327727028030243,0.38130155820348305,0.6704857928505957,0.810724106324473,0.2855415419916364,0
colorado,clean,development_evaluation,raw,2,2181,0.05121732502570564,0.08947233216974493,0.3869784502521779,0.6552040348464008,0.8074277854195323,0.381075129628494,0
colorado,clean,development_evaluation,raw,3,2180,0.05963517934710085,0.10723051388699752,0.381651376146789,0.6509174311926605,0.7944954128440367,0.3903877872218645,0
colorado,clean,development_evaluation,raw,4,2180,0.062398119591545766,0.11583774251860435,0.3573394495412844,0.6454128440366973,0.7876146788990825,0.3971582901837354,0
colorado,clean,development_evaluation,recency,1,2182,0.0371429835452994,0.06327727028030243,0.4725022914757104,0.7868927589367553,0.8927589367552704,0.2997022093206494,0
colorado,clean,development_evaluation,recency,2,2181,0.050183539893088366,0.08947233216974493,0.4713434204493352,0.7849610270518111,0.889958734525447,0.39517328550659214,0
colorado,clean,development_evaluation,recency,3,2180,0.05787419750689118,0.10723051388699752,0.4688073394495413,0.7738532110091743,0.8811926605504588,0.4096679321838592,0
colorado,clean,development_evaluation,recency,4,2180,0.060366588702870955,0.11583774251860435,0.4743119266055046,0.7724770642201835,0.8807339449541285,0.418444830842925,0
colorado,clean,development_evaluation,rolling,1,2182,0.0372155125212037,0.06327727028030243,0.46012832263978004,0.7745187901008249,0.884967919340055,0.29831263782119255,0
colorado,clean,development_evaluation,rolling,2,2181,0.050349734774444294,0.08947233216974493,0.4603392939018799,0.7666208161393856,0.8798716185236131,0.3935878639317432,0
colorado,clean,development_evaluation,rolling,3,2180,0.05822825815758403,0.10723051388699752,0.4651376146788991,0.7555045871559632,0.8655963302752293,0.40764777679875214,0
colorado,clean,development_evaluation,rolling,4,2180,0.060774459950617706,0.11583774251860435,0.4651376146788991,0.7536697247706422,0.8711009174311927,0.41590109614936843,0
colorado,clean,validation,aci_bounded,1,1921,0.03593200768494454,0.05691254826377017,0.5195210827693909,0.8178032274856846,0.9109838625715773,0.3026876339961665,0
colorado,clean,validation,aci_bounded,2,1921,0.048304361704642786,0.08231115894614606,0.5210827693909422,0.8209266007287871,0.9104633003643935,0.3938242136729152,0
colorado,clean,validation,aci_bounded,3,1921,0.055286331217485225,0.09753218831480309,0.5247267048412285,0.8230088495575221,0.9172306090577824,0.4223650926203059,0
colorado,clean,validation,aci_bounded,4,1921,0.05906395611767439,0.10697177935935805,0.5200416449765747,0.8245705361790734,0.9120249869859448,0.43436185617663314,0
colorado,clean,validation,mask50,1,1921,0.03593857401023993,0.05691254826377017,0.5127537740760021,0.812597605413847,0.9094221759500261,0.30083761974681694,0
colorado,clean,validation,mask50,2,1921,0.048323710570275576,0.08231115894614606,0.5163977095262884,0.8105153565851119,0.907339927121291,0.39181019468386097,0
colorado,clean,validation,mask50,3,1921,0.05531282479053998,0.09753218831480309,0.5262883914627798,0.8183237896928683,0.9130661114003124,0.4205783736170865,0
colorado,clean,validation,mask50,4,1921,0.05909170069225821,0.10697177935935805,0.5153565851119208,0.8152004164497657,0.9094221759500261,0.4335928360112684,0
colorado,clean,validation,physical,1,1921,0.035818371191687716,0.05691254826377017,0.5101509630400833,0.8183237896928683,0.9151483602290473,0.30458313401075376,0
colorado,clean,validation,physical,2,1921,0.04814319404495574,0.08231115894614606,0.5184799583550235,0.8276939094221759,0.9156689224362311,0.3949996931006252,0
colorado,clean,validation,physical,3,1921,0.055068767861223195,0.09753218831480309,0.5231650182196772,0.836022904737116,0.91827173347215,0.4235512218831344,0
colorado,clean,validation,physical,4,1921,0.058787249829489845,0.10697177935935805,0.510671525247267,0.829776158250911,0.91827173347215,0.4375042942368775,0
colorado,clean,validation,physical_recovery,1,1921,0.035818371191687716,0.05691254826377017,0.5101509630400833,0.8183237896928683,0.9151483602290473,0.30458313401075376,0
colorado,clean,validation,physical_recovery,2,1921,0.04814319404495574,0.08231115894614606,0.5184799583550235,0.8276939094221759,0.9156689224362311,0.3949996931006252,0
colorado,clean,validation,physical_recovery,3,1921,0.055068767861223195,0.09753218831480309,0.5231650182196772,0.836022904737116,0.91827173347215,0.4235512218831344,0
colorado,clean,validation,physical_recovery,4,1921,0.058787249829489845,0.10697177935935805,0.510671525247267,0.829776158250911,0.91827173347215,0.4375042942368775,0
colorado,clean,validation,raw,1,1921,0.03629828828718981,0.05691254826377017,0.4148880791254555,0.6913066111400312,0.842790213430505,0.2790217120890378,0
colorado,clean,validation,raw,2,1921,0.04885927761346185,0.08231115894614606,0.3722019781363873,0.6793336803748048,0.818844351900052,0.36742984344686846,0
colorado,clean,validation,raw,3,1921,0.05613410021782662,0.09753218831480309,0.35658511192087455,0.661634565330557,0.8115564809994794,0.38758289694588643,0
colorado,clean,validation,raw,4,1921,0.06010360446419801,0.10697177935935805,0.36647579385736595,0.6600728787090058,0.7969807391983342,0.39730640911751586,0
colorado,clean,validation,recency,1,1921,0.03593857401023993,0.05691254826377017,0.5127537740760021,0.812597605413847,0.9094221759500261,0.30083761974681694,0
colorado,clean,validation,recency,2,1921,0.048323710570275576,0.08231115894614606,0.5163977095262884,0.8105153565851119,0.907339927121291,0.39181019468386097,0
colorado,clean,validation,recency,3,1921,0.05531282479053998,0.09753218831480309,0.5262883914627798,0.8183237896928683,0.9130661114003124,0.4205783736170865,0
colorado,clean,validation,recency,4,1921,0.05909170069225821,0.10697177935935805,0.5153565851119208,0.8152004164497657,0.9094221759500261,0.4335928360112684,0
colorado,clean,validation,rolling,1,1921,0.035939320545629865,0.05691254826377017,0.5190005205622071,0.8157209786569495,0.9130661114003124,0.30175965513691005,0
colorado,clean,validation,rolling,2,1921,0.048311459799871476,0.08231115894614606,0.5257678292555961,0.818844351900052,0.9094221759500261,0.3928925973408515,0
colorado,clean,validation,rolling,3,1921,0.05529390556270298,0.09753218831480309,0.5320145757418011,0.8240499739718896,0.9177511712649662,0.42272631007257366,0
colorado,clean,validation,rolling,4,1921,0.059068507150190824,0.10697177935935805,0.521603331598126,0.8219677251431546,0.9141072358146799,0.4358142446320452,0
colorado,clean,warmup,aci_bounded,1,310,0.03986740184046806,0.06299021393143546,0.44516129032258067,0.7580645161290323,0.8709677419354839,0.33761326913505735,0
colorado,clean,warmup,aci_bounded,2,310,0.05458044260612238,0.09371768356531887,0.4612903225806452,0.7677419354838709,0.8935483870967742,0.46658060213509583,0
colorado,clean,warmup,aci_bounded,3,310,0.06454035071165103,0.11194747339620957,0.4612903225806452,0.7580645161290323,0.8806451612903226,0.5159096762280707,0
colorado,clean,warmup,aci_bounded,4,310,0.07132448422737467,0.12938228350733566,0.45161290322580644,0.7580645161290323,0.8935483870967742,0.5395327708229881,0
colorado,clean,warmup,mask50,1,310,0.03981653836958604,0.06299021393143546,0.45806451612903226,0.7709677419354839,0.8741935483870967,0.33829384291002235,0
colorado,clean,warmup,mask50,2,310,0.054578518101678984,0.09371768356531887,0.4806451612903226,0.7709677419354839,0.8935483870967742,0.46753932163258877,0
colorado,clean,warmup,mask50,3,310,0.06447461168929429,0.11194747339620957,0.4645161290322581,0.7483870967741936,0.8806451612903226,0.5179232822554284,0
colorado,clean,warmup,mask50,4,310,0.07132490383804893,0.12938228350733566,0.4483870967741935,0.7483870967741936,0.8870967741935484,0.5387554878759951,0
colorado,clean,warmup,physical,1,310,0.039786420692784576,0.06299021393143546,0.43870967741935485,0.7709677419354839,0.8806451612903226,0.3402844839321116,0
colorado,clean,warmup,physical,2,310,0.054390931711297934,0.09371768356531887,0.47096774193548385,0.7741935483870968,0.9032258064516129,0.4696064712250751,0
colorado,clean,warmup,physical,3,310,0.0643267039337727,0.11194747339620957,0.45806451612903226,0.7806451612903226,0.8838709677419355,0.5182257240916419,0
colorado,clean,warmup,physical,4,310,0.07103719601795269,0.12938228350733566,0.45161290322580644,0.7580645161290323,0.8935483870967742,0.5388059617778888,0
colorado,clean,warmup,physical_recovery,1,310,0.039786420692784576,0.06299021393143546,0.43870967741935485,0.7709677419354839,0.8806451612903226,0.3402844839321116,0
colorado,clean,warmup,physical_recovery,2,310,0.054390931711297934,0.09371768356531887,0.47096774193548385,0.7741935483870968,0.9032258064516129,0.4696064712250751,0
colorado,clean,warmup,physical_recovery,3,310,0.0643267039337727,0.11194747339620957,0.45806451612903226,0.7806451612903226,0.8838709677419355,0.5182257240916419,0
colorado,clean,warmup,physical_recovery,4,310,0.07103719601795269,0.12938228350733566,0.45161290322580644,0.7580645161290323,0.8935483870967742,0.5388059617778888,0
colorado,clean,warmup,raw,1,310,0.040337385370771375,0.06299021393143546,0.38387096774193546,0.6451612903225806,0.7967741935483871,0.3192056119914934,0
colorado,clean,warmup,raw,2,310,0.05496907029166647,0.09371768356531887,0.35161290322580646,0.6580645161290323,0.832258064516129,0.4566801268616087,0
colorado,clean,warmup,raw,3,310,0.06523157470359042,0.11194747339620957,0.3419354838709677,0.635483870967742,0.7838709677419354,0.48730174353757655,0
colorado,clean,warmup,raw,4,310,0.07231552782028638,0.12938228350733566,0.34838709677419355,0.6064516129032258,0.7387096774193549,0.4972296731374547,0
colorado,clean,warmup,recency,1,310,0.03981653836958604,0.06299021393143546,0.45806451612903226,0.7709677419354839,0.8741935483870967,0.33829384291002235,0
colorado,clean,warmup,recency,2,310,0.054578518101678984,0.09371768356531887,0.4806451612903226,0.7709677419354839,0.8935483870967742,0.46753932163258877,0
colorado,clean,warmup,recency,3,310,0.06447461168929429,0.11194747339620957,0.4645161290322581,0.7483870967741936,0.8806451612903226,0.5179232822554284,0
colorado,clean,warmup,recency,4,310,0.07132490383804893,0.12938228350733566,0.4483870967741935,0.7483870967741936,0.8870967741935484,0.5387554878759951,0
colorado,clean,warmup,rolling,1,310,0.039897747326916255,0.06299021393143546,0.43548387096774194,0.7451612903225806,0.867741935483871,0.33529715978973423,0
colorado,clean,warmup,rolling,2,310,0.054594537543013744,0.09371768356531887,0.4612903225806452,0.7612903225806451,0.8870967741935484,0.46568807938719653,0
colorado,clean,warmup,rolling,3,310,0.0645532279658107,0.11194747339620957,0.45161290322580644,0.7483870967741936,0.8806451612903226,0.5118347579896443,0
colorado,clean,warmup,rolling,4,310,0.07135702708664474,0.12938228350733566,0.4483870967741935,0.7451612903225806,0.8870967741935484,0.5370572405888585,0
colorado,joint_gradual,development_evaluation,aci_bounded,1,2182,0.03957333470917268,0.06850041800205992,0.47066911090742436,0.7786434463794684,0.8881759853345554,0.31618569506689487,26
colorado,joint_gradual,development_evaluation,aci_bounded,2,2181,0.05126118493424129,0.09204777291607785,0.4644658413571756,0.7661623108665749,0.8798716185236131,0.3990193775862673,26
colorado,joint_gradual,development_evaluation,aci_bounded,3,2180,0.058864766643239363,0.1095499649632198,0.45871559633027525,0.7605504587155963,0.8678899082568807,0.41444838599721073,26
colorado,joint_gradual,development_evaluation,aci_bounded,4,2180,0.06139528156914791,0.1178692125681762,0.4651376146788991,0.7577981651376147,0.8711009174311927,0.42172626021414866,26
colorado,joint_gradual,development_evaluation,mask50,1,2182,0.039537898197465074,0.06850041800205992,0.47571035747021084,0.7905591200733272,0.8973418881759854,0.3170862538289503,26
colorado,joint_gradual,development_evaluation,mask50,2,2181,0.05114582635762614,0.09204777291607785,0.474094452086199,0.7881705639614855,0.8904172397982577,0.4009684803425621,26
colorado,joint_gradual,development_evaluation,mask50,3,2180,0.05861500280044521,0.1095499649632198,0.47660550458715595,0.7770642201834862,0.8830275229357798,0.41553244030663283,26
colorado,joint_gradual,development_evaluation,mask50,4,2180,0.06110852431350441,0.1178692125681762,0.48256880733944957,0.7802752293577981,0.8862385321100917,0.4239025182819054,26
colorado,joint_gradual,development_evaluation,physical,1,2182,0.039400666764827806,0.06850041800205992,0.4770852428964253,0.7928505957836847,0.8991750687442713,0.3175061312667201,26
colorado,joint_gradual,development_evaluation,physical,2,2181,0.0509238761518276,0.09204777291607785,0.47042640990371387,0.7886290692342962,0.8986703347088492,0.4009411040425748,26
colorado,joint_gradual,development_evaluation,physical,3,2180,0.058315880276434334,0.1095499649632198,0.47339449541284406,0.7871559633027523,0.8908256880733945,0.4158193269367878,26
colorado,joint_gradual,development_evaluation,physical,4,2180,0.06076149484840804,0.1178692125681762,0.47706422018348627,0.7862385321100918,0.8926605504587156,0.42461111519118977,26
colorado,joint_gradual,development_evaluation,physical_recovery,1,2182,0.03937475209897578,0.06850041800205992,0.47433547204399634,0.7910174152153987,0.9046746104491292,0.31790156237125955,26
colorado,joint_gradual,development_evaluation,physical_recovery,2,2181,0.05088977352411639,0.09204777291607785,0.46859238881247134,0.7927556166895919,0.900045850527281,0.4012587280392604,26
colorado,joint_gradual,development_evaluation,physical_recovery,3,2180,0.05827632846051291,0.1095499649632198,0.47706422018348627,0.786697247706422,0.8935779816513761,0.4166115205154288,26
colorado,joint_gradual,development_evaluation,physical_recovery,4,2180,0.0607504464314326,0.1178692125681762,0.48073394495412847,0.791743119266055,0.8958715596330276,0.4255395263040958,26
colorado,joint_gradual,development_evaluation,raw,1,2182,0.040270524751679374,0.06850041800205992,0.3845096241979835,0.6750687442713107,0.8148487626031164,0.3027366331323356,26
colorado,joint_gradual,development_evaluation,raw,2,2181,0.05219434862410922,0.09204777291607785,0.385602934433746,0.6556625401192113,0.8069692801467216,0.38655107269768063,26
colorado,joint_gradual,development_evaluation,raw,3,2180,0.06038533908963959,0.1095499649632198,0.3798165137614679,0.6490825688073395,0.7940366972477064,0.3949051569744233,26
colorado,joint_gradual,development_evaluation,raw,4,2180,0.0631190166138331,0.1178692125681762,0.36376146788990826,0.6495412844036698,0.789908256880734,0.40163809494566644,26
colorado,joint_gradual,development_evaluation,recency,1,2182,0.039529927198772505,0.06850041800205992,0.4702108157653529,0.7887259395050412,0.8927589367552704,0.316599477600009,26
colorado,joint_gradual,development_evaluation,recency,2,2181,0.051160321110295705,0.09204777291607785,0.47455295735900965,0.782668500687758,0.8913342503438789,0.400704682941117,26
colorado,joint_gradual,development_evaluation,recency,3,2180,0.058674236640196824,0.1095499649632198,0.46743119266055044,0.7697247706422018,0.8802752293577981,0.4142867804909298,26
colorado,joint_gradual,development_evaluation,recency,4,2180,0.06116041004156477,0.1178692125681762,0.47477064220183485,0.771559633027523,0.8802752293577981,0.4226040996618021,26
colorado,joint_gradual,development_evaluation,rolling,1,2182,0.03960105563704303,0.06850041800205992,0.4615032080659945,0.7758936755270394,0.885884509624198,0.31546276111325267,26
colorado,joint_gradual,development_evaluation,rolling,2,2181,0.051309565390969904,0.09204777291607785,0.4621733149931224,0.7634112792297112,0.8775790921595599,0.39917780420359034,26
colorado,joint_gradual,development_evaluation,rolling,3,2180,0.05900791009180166,0.1095499649632198,0.4651376146788991,0.7573394495412844,0.8646788990825688,0.4123389147071066,26
colorado,joint_gradual,development_evaluation,rolling,4,2180,0.061551798153206626,0.1178692125681762,0.4646788990825688,0.7541284403669725,0.8701834862385321,0.4202049205459426,26
colorado,joint_gradual,validation,aci_bounded,1,1921,0.038655434010028716,0.06311874881151437,0.5190005205622071,0.8183237896928683,0.9099427381572098,0.32324381795495083,22
colorado,joint_gradual,validation,aci_bounded,2,1921,0.049128203982081294,0.08458412871635847,0.5190005205622071,0.8209266007287871,0.9094221759500261,0.39907048735956485,22
colorado,joint_gradual,validation,aci_bounded,3,1921,0.05567990980612922,0.09887741897153839,0.5273295158771473,0.8245705361790734,0.9151483602290473,0.4263715614068757,22
colorado,joint_gradual,validation,aci_bounded,4,1921,0.059368731516689977,0.10781650011718943,0.5210827693909422,0.8235294117647058,0.9120249869859448,0.4388484517636086,22
colorado,joint_gradual,validation,mask50,1,1921,0.03864874471088546,0.06311874881151437,0.510671525247267,0.8084331077563769,0.9036959916710047,0.32013816971768966,22
colorado,joint_gradual,validation,mask50,2,1921,0.04911938992217321,0.08458412871635847,0.5174388339406559,0.812597605413847,0.9057782404997398,0.39742197407439517,22
colorado,joint_gradual,validation,mask50,3,1921,0.05568391909257734,0.09887741897153839,0.5273295158771473,0.818844351900052,0.9094221759500261,0.4238318676968678,22
colorado,joint_gradual,validation,mask50,4,1921,0.05935951977450649,0.10781650011718943,0.5231650182196772,0.816762103071317,0.9083810515356585,0.4376846934463883,22
colorado,joint_gradual,validation,physical,1,1921,0.03853534715846688,0.06311874881151437,0.5091098386257158,0.816762103071317,0.9151483602290473,0.32352625735512747,22
colorado,joint_gradual,validation,physical,2,1921,0.048968472786073115,0.08458412871635847,0.5143154606975534,0.8204060385216033,0.9135866736074961,0.4005819222483975,22
colorado,joint_gradual,validation,physical,3,1921,0.055462274056689194,0.09887741897153839,0.5273295158771473,0.8339406559083811,0.91827173347215,0.4265232592697828,22
colorado,joint_gradual,validation,physical,4,1921,0.059074991292936106,0.10781650011718943,0.5143154606975534,0.8308172826652785,0.9187922956793336,0.4412726480624269,22
colorado,joint_gradual,validation,physical_recovery,1,1921,0.03853459078446274,0.06311874881151437,0.5111920874544508,0.816762103071317,0.91827173347215,0.3232906931257303,22
colorado,joint_gradual,validation,physical_recovery,2,1921,0.0489636871948717,0.08458412871635847,0.5190005205622071,0.8193649141072358,0.9135866736074961,0.40102994093494576,22
colorado,joint_gradual,validation,physical_recovery,3,1921,0.05545245368407276,0.09887741897153839,0.5304528891202499,0.836022904737116,0.91827173347215,0.42739225603189024,22
colorado,joint_gradual,validation,physical_recovery,4,1921,0.05905121966078947,0.10781650011718943,0.5210827693909422,0.8339406559083811,0.9187922956793336,0.4417566113651874,22
colorado,joint_gradual,validation,raw,1,1921,0.03900216053096051,0.06311874881151437,0.4143675169182717,0.6959916710046851,0.8433107756376887,0.2988171963323415,22
colorado,joint_gradual,validation,raw,2,1921,0.04965723711118813,0.08458412871635847,0.38209266007287873,0.6798542425819886,0.8157209786569495,0.3736656413998112,22
colorado,joint_gradual,validation,raw,3,1921,0.05651025947764194,0.09887741897153839,0.36907860489328476,0.6647579385736595,0.8094742321707444,0.39158720518553747,22
colorado,joint_gradual,validation,raw,4,1921,0.06036942888342471,0.10781650011718943,0.37636647579385735,0.6631962519521083,0.7980218636127017,0.40117878397292284,22
colorado,joint_gradual,validation,recency,1,1921,0.038660788239571704,0.06311874881151437,0.5122332118688183,0.8099947943779282,0.9094221759500261,0.3212249223026014,22
colorado,joint_gradual,validation,recency,2,1921,0.04913730017905957,0.08458412871635847,0.5153565851119208,0.8105153565851119,0.9062988027069234,0.39775632037977315,22
colorado,joint_gradual,validation,recency,3,1921,0.055702858454207006,0.09887741897153839,0.523685580426861,0.818844351900052,0.9120249869859448,0.42418494842562343,22
colorado,joint_gradual,validation,recency,4,1921,0.0593970966003287,0.10781650011718943,0.5179593961478397,0.8146798542425819,0.9094221759500261,0.4381500520521791,22
colorado,joint_gradual,validation,rolling,1,1921,0.038662117403809176,0.06311874881151437,0.5163977095262884,0.8152004164497657,0.9104633003643935,0.3220458020837792,22
colorado,joint_gradual,validation,rolling,2,1921,0.04912906948501428,0.08458412871635847,0.5252472670484123,0.8193649141072358,0.9068193649141072,0.3986877425480753,22
colorado,joint_gradual,validation,rolling,3,1921,0.05568521315854406,0.09887741897153839,0.5304528891202499,0.8250910983862572,0.9177511712649662,0.42633924007333446,22
colorado,joint_gradual,validation,rolling,4,1921,0.05936646407798209,0.10781650011718943,0.523685580426861,0.8230088495575221,0.9161894846434149,0.44016667540116683,22
colorado,joint_gradual,warmup,aci_bounded,1,310,0.04350512247293695,0.07205467934837627,0.44516129032258067,0.7548387096774194,0.8709677419354839,0.35745102898522907,4
colorado,joint_gradual,warmup,aci_bounded,2,310,0.056905736743927675,0.10058644260755714,0.46774193548387094,0.7645161290322581,0.9,0.4744577608028043,4
colorado,joint_gradual,warmup,aci_bounded,3,310,0.06537434094444636,0.11526778154194342,0.45483870967741935,0.7516129032258064,0.8806451612903226,0.5185783905461777,4
colorado,joint_gradual,warmup,aci_bounded,4,310,0.07186991558574031,0.13142450696521157,0.45161290322580644,0.7645161290322581,0.8903225806451613,0.5405608035911349,4
colorado,joint_gradual,warmup,mask50,1,310,0.04348303050939114,0.07205467934837627,0.45161290322580644,0.7612903225806451,0.8774193548387097,0.36019975293827794,4
colorado,joint_gradual,warmup,mask50,2,310,0.05690941257295444,0.10058644260755714,0.47419354838709676,0.7741935483870968,0.9096774193548387,0.47722108802057644,4
colorado,joint_gradual,warmup,mask50,3,310,0.06532240919945193,0.11526778154194342,0.47419354838709676,0.7645161290322581,0.8903225806451613,0.5221152708029513,4
colorado,joint_gradual,warmup,mask50,4,310,0.07184564993748689,0.13142450696521157,0.45161290322580644,0.7709677419354839,0.8903225806451613,0.5425390669420843,4
colorado,joint_gradual,warmup,physical,1,310,0.043462315633420914,0.07205467934837627,0.45483870967741935,0.7612903225806451,0.8870967741935484,0.36255567366328484,4
colorado,joint_gradual,warmup,physical,2,310,0.056731878895312185,0.10058644260755714,0.4870967741935484,0.7774193548387097,0.9064516129032258,0.4787653531616362,4
colorado,joint_gradual,warmup,physical,3,310,0.06511090761942633,0.11526778154194342,0.4483870967741935,0.7838709677419354,0.8806451612903226,0.5215447307369582,4
colorado,joint_gradual,warmup,physical,4,310,0.0715689760637411,0.13142450696521157,0.4612903225806452,0.7612903225806451,0.9,0.5418511912586647,4
colorado,joint_gradual,warmup,physical_recovery,1,310,0.043444705293296255,0.07205467934837627,0.4612903225806452,0.7709677419354839,0.8838709677419355,0.36476479763905567,4
colorado,joint_gradual,warmup,physical_recovery,2,310,0.056717698722455724,0.10058644260755714,0.4774193548387097,0.7870967741935484,0.9161290322580645,0.4808061952844073,4
colorado,joint_gradual,warmup,physical_recovery,3,310,0.06508458304062376,0.11526778154194342,0.45483870967741935,0.7774193548387097,0.8806451612903226,0.5242727063229895,4
colorado,joint_gradual,warmup,physical_recovery,4,310,0.07158115518898171,0.13142450696521157,0.4645161290322581,0.7709677419354839,0.8903225806451613,0.5430722662713185,4
colorado,joint_gradual,warmup,raw,1,310,0.044040804284148055,0.07205467934837627,0.3870967741935484,0.6290322580645161,0.7935483870967742,0.3384388108282937,4
colorado,joint_gradual,warmup,raw,2,310,0.05740131043427823,0.10058644260755714,0.33548387096774196,0.6483870967741936,0.832258064516129,0.46414989999191947,4
colorado,joint_gradual,warmup,raw,3,310,0.06616560522940257,0.11526778154194342,0.32903225806451614,0.6290322580645161,0.7806451612903226,0.4899277615484683,4
colorado,joint_gradual,warmup,raw,4,310,0.07292964423877973,0.13142450696521157,0.33548387096774196,0.6096774193548387,0.7419354838709677,0.4995651835608328,4
colorado,joint_gradual,warmup,recency,1,310,0.04347324024537697,0.07205467934837627,0.45161290322580644,0.7645161290322581,0.8741935483870967,0.35865808376563685,4
colorado,joint_gradual,warmup,recency,2,310,0.056916717705716206,0.10058644260755714,0.47096774193548385,0.7709677419354839,0.9032258064516129,0.47586689680444877,4
colorado,joint_gradual,warmup,recency,3,310,0.06531317313139667,0.11526778154194342,0.47096774193548385,0.7483870967741936,0.8806451612903226,0.5206860176310927,4
colorado,joint_gradual,warmup,recency,4,310,0.07187134212274655,0.13142450696521157,0.45161290322580644,0.7612903225806451,0.8903225806451613,0.5398992945927195,4
colorado,joint_gradual,warmup,rolling,1,310,0.043544165976232514,0.07205467934837627,0.43548387096774194,0.7451612903225806,0.8709677419354839,0.35619399102711286,4
colorado,joint_gradual,warmup,rolling,2,310,0.05691166678908833,0.10058644260755714,0.45806451612903226,0.7612903225806451,0.9,0.47407588280990043,4
colorado,joint_gradual,warmup,rolling,3,310,0.06538848138892214,0.11526778154194342,0.44516129032258067,0.7451612903225806,0.8806451612903226,0.5147112115149389,4
colorado,joint_gradual,warmup,rolling,4,310,0.07188008621220074,0.13142450696521157,0.44516129032258067,0.7548387096774194,0.8903225806451613,0.5384588773401818,4
