phase,event_id,difference,contrast,site,scenario
outage,26,0.0009718327198867303,physical_recovery_minus_physical,nist,joint_gradual
outage,27,0.00026868666322217946,physical_recovery_minus_physical,nist,joint_gradual
outage,28,0.0009507618128459427,physical_recovery_minus_physical,nist,joint_gradual
outage,29,0.000306145365363357,physical_recovery_minus_physical,nist,joint_gradual
outage,30,-0.00031160001230461944,physical_recovery_minus_physical,nist,joint_gradual
outage,31,0.0012084298638864565,physical_recovery_minus_physical,nist,joint_gradual
outage,32,-0.00014139224222437815,physical_recovery_minus_physical,nist,joint_gradual
outage,33,0.0004513880955006469,physical_recovery_minus_physical,nist,joint_gradual
outage,34,0.00031773200987614947,physical_recovery_minus_physical,nist,joint_gradual
outage,35,-1.3757612620844957e-05,physical_recovery_minus_physical,nist,joint_gradual
outage,36,-4.346319519317769e-05,physical_recovery_minus_physical,nist,joint_gradual
outage,37,0.00012979171544775752,physical_recovery_minus_physical,nist,joint_gradual
outage,38,-0.003563722990312062,physical_recovery_minus_physical,nist,joint_gradual
outage,39,-0.0027374442540658486,physical_recovery_minus_physical,nist,joint_gradual
outage,40,-0.004715351804292297,physical_recovery_minus_physical,nist,joint_gradual
outage,42,0.002833844055717465,physical_recovery_minus_physical,nist,joint_gradual
outage,43,0.0006141219909356106,physical_recovery_minus_physical,nist,joint_gradual
outage,44,9.76364891152379e-05,physical_recovery_minus_physical,nist,joint_gradual
outage,45,-0.00046952525467943074,physical_recovery_minus_physical,nist,joint_gradual
outage,46,0.0016297516915630425,physical_recovery_minus_physical,nist,joint_gradual
outage,47,0.0014585280503539282,physical_recovery_minus_physical,nist,joint_gradual
outage,48,0.0005853008046244369,physical_recovery_minus_physical,nist,joint_gradual
outage,49,0.0007400462343810393,physical_recovery_minus_physical,nist,joint_gradual
outage,50,0.00019577607428970106,physical_recovery_minus_physical,nist,joint_gradual
outage,51,-0.00011063899001601882,physical_recovery_minus_physical,nist,joint_gradual
recovery_0_6,26,-0.0006846520118082728,physical_recovery_minus_physical,nist,joint_gradual
recovery_0_6,27,0.0003974650477046241,physical_recovery_minus_physical,nist,joint_gradual
recovery_0_6,28,-0.0007953433402792144,physical_recovery_minus_physical,nist,joint_gradual
recovery_0_6,29,8.865431029888837e-05,physical_recovery_minus_physical,nist,joint_gradual
recovery_0_6,31,-1.4849824745485213e-05,physical_recovery_minus_physical,nist,joint_gradual
recovery_0_6,32,5.224899867624424e-07,physical_recovery_minus_physical,nist,joint_gradual
recovery_0_6,34,-8.05322688112231e-05,physical_recovery_minus_physical,nist,joint_gradual
recovery_0_6,35,4.4055576891179925e-05,physical_recovery_minus_physical,nist,joint_gradual
recovery_0_6,36,0.00023978343037947447,physical_recovery_minus_physical,nist,joint_gradual
recovery_0_6,37,7.428093582786449e-05,physical_recovery_minus_physical,nist,joint_gradual
recovery_0_6,38,0.0010776547802537895,physical_recovery_minus_physical,nist,joint_gradual
recovery_0_6,39,0.0006629919063242642,physical_recovery_minus_physical,nist,joint_gradual
recovery_0_6,40,0.0005408710816333271,physical_recovery_minus_physical,nist,joint_gradual
recovery_0_6,41,0.0,physical_recovery_minus_physical,nist,joint_gradual
recovery_0_6,42,9.345072426568104e-06,physical_recovery_minus_physical,nist,joint_gradual
recovery_0_6,43,0.0,physical_recovery_minus_physical,nist,joint_gradual
recovery_0_6,44,-0.0010908329900329704,physical_recovery_minus_physical,nist,joint_gradual
recovery_0_6,45,0.000414378786291228,physical_recovery_minus_physical,nist,joint_gradual
recovery_0_6,46,-0.0001286748264929605,physical_recovery_minus_physical,nist,joint_gradual
recovery_0_6,47,-0.00014472866010621502,physical_recovery_minus_physical,nist,joint_gradual
recovery_0_6,48,-0.000301917652081283,physical_recovery_minus_physical,nist,joint_gradual
recovery_0_6,49,-0.00037925981405033637,physical_recovery_minus_physical,nist,joint_gradual
recovery_0_6,50,-0.0004776971133523467,physical_recovery_minus_physical,nist,joint_gradual
recovery_6_24,26,0.00015944609247985054,physical_recovery_minus_physical,nist,joint_gradual
recovery_6_24,27,-3.044616392402382e-05,physical_recovery_minus_physical,nist,joint_gradual
recovery_6_24,28,-9.042920648198223e-05,physical_recovery_minus_physical,nist,joint_gradual
recovery_6_24,29,1.0298425916650088e-06,physical_recovery_minus_physical,nist,joint_gradual
recovery_6_24,30,8.806111935676215e-05,physical_recovery_minus_physical,nist,joint_gradual
recovery_6_24,31,0.00011010508739286446,physical_recovery_minus_physical,nist,joint_gradual
recovery_6_24,32,2.235507385105126e-05,physical_recovery_minus_physical,nist,joint_gradual
recovery_6_24,33,-0.00018319452432434308,physical_recovery_minus_physical,nist,joint_gradual
recovery_6_24,34,-0.0002210624331474944,physical_recovery_minus_physical,nist,joint_gradual
recovery_6_24,35,-0.0002226257773604554,physical_recovery_minus_physical,nist,joint_gradual
recovery_6_24,36,0.0001063186934374006,physical_recovery_minus_physical,nist,joint_gradual
recovery_6_24,37,-0.00018561875509898336,physical_recovery_minus_physical,nist,joint_gradual
recovery_6_24,38,-0.0012209010819274296,physical_recovery_minus_physical,nist,joint_gradual
recovery_6_24,39,-0.0004717647586722106,physical_recovery_minus_physical,nist,joint_gradual
recovery_6_24,40,0.00031731800676183325,physical_recovery_minus_physical,nist,joint_gradual
recovery_6_24,41,-1.0438835468467934e-05,physical_recovery_minus_physical,nist,joint_gradual
recovery_6_24,42,0.0010163139016245687,physical_recovery_minus_physical,nist,joint_gradual
recovery_6_24,43,-0.00011930199130377111,physical_recovery_minus_physical,nist,joint_gradual
recovery_6_24,44,0.0003589671538627322,physical_recovery_minus_physical,nist,joint_gradual
recovery_6_24,45,0.000407774437559255,physical_recovery_minus_physical,nist,joint_gradual
recovery_6_24,46,0.0007064453711798778,physical_recovery_minus_physical,nist,joint_gradual
recovery_6_24,47,-0.00010498683028873562,physical_recovery_minus_physical,nist,joint_gradual
recovery_6_24,48,7.868619562396311e-05,physical_recovery_minus_physical,nist,joint_gradual
recovery_6_24,49,-0.00017076475423366685,physical_recovery_minus_physical,nist,joint_gradual
recovery_6_24,50,-4.069508666490891e-05,physical_recovery_minus_physical,nist,joint_gradual
recovery_6_24,51,1.135034189734202e-05,physical_recovery_minus_physical,nist,joint_gradual
outage,26,-0.0021405343518010886,physical_minus_recency,nist,joint_gradual
outage,27,-0.00030768053500874624,physical_minus_recency,nist,joint_gradual
outage,28,6.36665965464196e-05,physical_minus_recency,nist,joint_gradual
outage,29,0.0002948535300974762,physical_minus_recency,nist,joint_gradual
outage,30,0.00022284483609335363,physical_minus_recency,nist,joint_gradual
outage,31,-5.293425675407823e-05,physical_minus_recency,nist,joint_gradual
outage,32,-0.00023867335058231961,physical_minus_recency,nist,joint_gradual
outage,33,0.00010370968196686523,physical_minus_recency,nist,joint_gradual
outage,34,0.0001669936181399636,physical_minus_recency,nist,joint_gradual
outage,35,6.0870543154394425e-05,physical_minus_recency,nist,joint_gradual
outage,36,-8.94962562445977e-05,physical_minus_recency,nist,joint_gradual
outage,37,-0.00016590686636335308,physical_minus_recency,nist,joint_gradual
outage,38,-0.00025162567316993056,physical_minus_recency,nist,joint_gradual
outage,39,-0.0021201685442818383,physical_minus_recency,nist,joint_gradual
outage,40,-0.006874521028124573,physical_minus_recency,nist,joint_gradual
outage,42,0.0017227791565284317,physical_minus_recency,nist,joint_gradual
outage,43,0.0006416215560716104,physical_minus_recency,nist,joint_gradual
outage,44,-0.0005585034565979401,physical_minus_recency,nist,joint_gradual
outage,45,0.0004157207092516608,physical_minus_recency,nist,joint_gradual
outage,46,-0.0013501807197623906,physical_minus_recency,nist,joint_gradual
outage,47,0.0004085748201361778,physical_minus_recency,nist,joint_gradual
outage,48,-0.0012307633332936524,physical_minus_recency,nist,joint_gradual
outage,49,7.370653896866839e-05,physical_minus_recency,nist,joint_gradual
outage,50,-7.897584941394392e-05,physical_minus_recency,nist,joint_gradual
outage,51,1.7750039099570737e-05,physical_minus_recency,nist,joint_gradual
recovery_0_6,26,0.00022338623055428235,physical_minus_recency,nist,joint_gradual
recovery_0_6,27,-0.00020758049188303245,physical_minus_recency,nist,joint_gradual
recovery_0_6,28,0.0005845053039653693,physical_minus_recency,nist,joint_gradual
recovery_0_6,29,6.743803685883987e-05,physical_minus_recency,nist,joint_gradual
recovery_0_6,31,-0.00010441072725759304,physical_minus_recency,nist,joint_gradual
recovery_0_6,32,-0.0004658152051874499,physical_minus_recency,nist,joint_gradual
recovery_0_6,34,7.973780486509516e-05,physical_minus_recency,nist,joint_gradual
recovery_0_6,35,0.00012303505333570347,physical_minus_recency,nist,joint_gradual
recovery_0_6,36,0.00012426211055213874,physical_minus_recency,nist,joint_gradual
recovery_0_6,37,-0.00018045199218925573,physical_minus_recency,nist,joint_gradual
recovery_0_6,38,0.0006137530539020815,physical_minus_recency,nist,joint_gradual
recovery_0_6,39,6.447426399112419e-05,physical_minus_recency,nist,joint_gradual
recovery_0_6,40,-0.0011145283842292953,physical_minus_recency,nist,joint_gradual
recovery_0_6,41,-0.0038746365677010397,physical_minus_recency,nist,joint_gradual
recovery_0_6,42,0.00014177927767298476,physical_minus_recency,nist,joint_gradual
recovery_0_6,43,-0.000634249271154309,physical_minus_recency,nist,joint_gradual
recovery_0_6,44,0.00021272450611517502,physical_minus_recency,nist,joint_gradual
recovery_0_6,45,-0.00045935753616811205,physical_minus_recency,nist,joint_gradual
recovery_0_6,46,-0.001171911261152366,physical_minus_recency,nist,joint_gradual
recovery_0_6,47,7.399058943421335e-05,physical_minus_recency,nist,joint_gradual
recovery_0_6,48,0.000272903017898396,physical_minus_recency,nist,joint_gradual
recovery_0_6,49,0.00046313811387268665,physical_minus_recency,nist,joint_gradual
recovery_0_6,50,-0.00043783659249784423,physical_minus_recency,nist,joint_gradual
recovery_6_24,26,-0.0010579231689250663,physical_minus_recency,nist,joint_gradual
recovery_6_24,27,0.0002743331148104788,physical_minus_recency,nist,joint_gradual
recovery_6_24,28,-0.0007949189446630093,physical_minus_recency,nist,joint_gradual
recovery_6_24,29,0.00024338462675958447,physical_minus_recency,nist,joint_gradual
recovery_6_24,30,0.0001909073293348891,physical_minus_recency,nist,joint_gradual
recovery_6_24,31,-0.00022725581338490277,physical_minus_recency,nist,joint_gradual
recovery_6_24,32,-4.06196498874437e-05,physical_minus_recency,nist,joint_gradual
recovery_6_24,33,6.956482047745903e-05,physical_minus_recency,nist,joint_gradual
recovery_6_24,34,-9.827860214307726e-05,physical_minus_recency,nist,joint_gradual
recovery_6_24,35,0.00016656175231910628,physical_minus_recency,nist,joint_gradual
recovery_6_24,36,-0.00017747325624118513,physical_minus_recency,nist,joint_gradual
recovery_6_24,37,3.684955205987596e-05,physical_minus_recency,nist,joint_gradual
recovery_6_24,38,0.00034058043059777884,physical_minus_recency,nist,joint_gradual
recovery_6_24,39,0.000208332504075138,physical_minus_recency,nist,joint_gradual
recovery_6_24,40,6.0839595313685275e-05,physical_minus_recency,nist,joint_gradual
recovery_6_24,41,0.0005735429392944342,physical_minus_recency,nist,joint_gradual
recovery_6_24,42,-0.0005323834691653925,physical_minus_recency,nist,joint_gradual
recovery_6_24,43,0.0002986908467078893,physical_minus_recency,nist,joint_gradual
recovery_6_24,44,-0.0005470353321889435,physical_minus_recency,nist,joint_gradual
recovery_6_24,45,-0.0018080709654878125,physical_minus_recency,nist,joint_gradual
recovery_6_24,46,-0.0011100943904693947,physical_minus_recency,nist,joint_gradual
recovery_6_24,47,-0.00019966681755431074,physical_minus_recency,nist,joint_gradual
recovery_6_24,48,9.319360195138758e-05,physical_minus_recency,nist,joint_gradual
recovery_6_24,49,0.00023431421071301868,physical_minus_recency,nist,joint_gradual
recovery_6_24,50,6.864892521750176e-05,physical_minus_recency,nist,joint_gradual
recovery_6_24,51,-0.00011422475330309718,physical_minus_recency,nist,joint_gradual
outage,26,0.0001788147915947299,mask50_minus_recency,nist,joint_gradual
outage,27,-4.1532399942083e-05,mask50_minus_recency,nist,joint_gradual
outage,28,-6.953947966255006e-05,mask50_minus_recency,nist,joint_gradual
outage,29,1.3712387398438866e-05,mask50_minus_recency,nist,joint_gradual
outage,30,-3.0122953743375102e-05,mask50_minus_recency,nist,joint_gradual
outage,31,0.0002690102643202899,mask50_minus_recency,nist,joint_gradual
outage,32,-6.241545463234627e-05,mask50_minus_recency,nist,joint_gradual
outage,33,8.456931909207662e-05,mask50_minus_recency,nist,joint_gradual
outage,34,-2.965017903210801e-05,mask50_minus_recency,nist,joint_gradual
outage,35,-2.552147525859892e-05,mask50_minus_recency,nist,joint_gradual
outage,36,2.2938333732322283e-06,mask50_minus_recency,nist,joint_gradual
outage,37,-3.137823986915375e-05,mask50_minus_recency,nist,joint_gradual
outage,38,0.0,mask50_minus_recency,nist,joint_gradual
outage,39,-0.0004920991579578273,mask50_minus_recency,nist,joint_gradual
outage,40,-0.0013212499792174673,mask50_minus_recency,nist,joint_gradual
outage,42,0.0006779831388124938,mask50_minus_recency,nist,joint_gradual
outage,43,9.77194938319375e-05,mask50_minus_recency,nist,joint_gradual
outage,44,4.302178577787593e-05,mask50_minus_recency,nist,joint_gradual
outage,45,9.546271025137398e-05,mask50_minus_recency,nist,joint_gradual
outage,46,0.00011167755255942058,mask50_minus_recency,nist,joint_gradual
outage,47,-8.576450196125414e-05,mask50_minus_recency,nist,joint_gradual
outage,48,0.0002765846138922945,mask50_minus_recency,nist,joint_gradual
outage,49,0.00020835882448355566,mask50_minus_recency,nist,joint_gradual
outage,50,-3.972298306331983e-06,mask50_minus_recency,nist,joint_gradual
outage,51,-6.689519533760061e-06,mask50_minus_recency,nist,joint_gradual
recovery_0_6,26,0.00011250933844452885,mask50_minus_recency,nist,joint_gradual
recovery_0_6,27,-0.00031971382232421096,mask50_minus_recency,nist,joint_gradual
recovery_0_6,28,-0.0002706420902986069,mask50_minus_recency,nist,joint_gradual
recovery_0_6,29,-0.00034210982688340246,mask50_minus_recency,nist,joint_gradual
recovery_0_6,31,1.3038781082234376e-05,mask50_minus_recency,nist,joint_gradual
recovery_0_6,32,-4.4412053484148304e-05,mask50_minus_recency,nist,joint_gradual
recovery_0_6,34,3.7145218556206455e-05,mask50_minus_recency,nist,joint_gradual
recovery_0_6,35,-9.761826819370215e-05,mask50_minus_recency,nist,joint_gradual
recovery_0_6,36,-5.959169419907298e-05,mask50_minus_recency,nist,joint_gradual
recovery_0_6,37,5.584701977309545e-05,mask50_minus_recency,nist,joint_gradual
recovery_0_6,38,-4.45818672682877e-05,mask50_minus_recency,nist,joint_gradual
recovery_0_6,39,0.000174680737571891,mask50_minus_recency,nist,joint_gradual
recovery_0_6,40,-0.00032067289808460287,mask50_minus_recency,nist,joint_gradual
recovery_0_6,41,0.0,mask50_minus_recency,nist,joint_gradual
recovery_0_6,42,0.00020853302888392534,mask50_minus_recency,nist,joint_gradual
recovery_0_6,43,-0.0008383059971012047,mask50_minus_recency,nist,joint_gradual
recovery_0_6,44,-0.00029845166224230606,mask50_minus_recency,nist,joint_gradual
recovery_0_6,45,-1.4164558130321433e-05,mask50_minus_recency,nist,joint_gradual
recovery_0_6,46,1.4625368352187463e-06,mask50_minus_recency,nist,joint_gradual
recovery_0_6,47,0.0003355621096651557,mask50_minus_recency,nist,joint_gradual
recovery_0_6,48,-2.6970430948920217e-05,mask50_minus_recency,nist,joint_gradual
recovery_0_6,49,-4.7152919874314055e-05,mask50_minus_recency,nist,joint_gradual
recovery_0_6,50,6.867339207747457e-05,mask50_minus_recency,nist,joint_gradual
recovery_6_24,26,0.00019478503893195445,mask50_minus_recency,nist,joint_gradual
recovery_6_24,27,-0.00017360636862541793,mask50_minus_recency,nist,joint_gradual
recovery_6_24,28,7.254461309984403e-05,mask50_minus_recency,nist,joint_gradual
recovery_6_24,29,-9.244852685300717e-06,mask50_minus_recency,nist,joint_gradual
recovery_6_24,30,4.069556309554462e-06,mask50_minus_recency,nist,joint_gradual
recovery_6_24,31,-8.527864306949111e-05,mask50_minus_recency,nist,joint_gradual
recovery_6_24,32,-4.082787116956665e-06,mask50_minus_recency,nist,joint_gradual
recovery_6_24,33,2.410726865922205e-06,mask50_minus_recency,nist,joint_gradual
recovery_6_24,34,-1.6846293976253626e-05,mask50_minus_recency,nist,joint_gradual
recovery_6_24,35,0.00010178566555976429,mask50_minus_recency,nist,joint_gradual
recovery_6_24,36,7.254139329396979e-05,mask50_minus_recency,nist,joint_gradual
recovery_6_24,37,2.2640948211877262e-05,mask50_minus_recency,nist,joint_gradual
recovery_6_24,38,-0.000186501821428662,mask50_minus_recency,nist,joint_gradual
recovery_6_24,39,-0.0008282177176446627,mask50_minus_recency,nist,joint_gradual
recovery_6_24,40,0.00019142577836903373,mask50_minus_recency,nist,joint_gradual
recovery_6_24,41,0.0,mask50_minus_recency,nist,joint_gradual
recovery_6_24,42,0.0007840859717738402,mask50_minus_recency,nist,joint_gradual
recovery_6_24,43,-8.988071233596986e-05,mask50_minus_recency,nist,joint_gradual
recovery_6_24,44,0.00010984559408910182,mask50_minus_recency,nist,joint_gradual
recovery_6_24,45,0.0004515064349209473,mask50_minus_recency,nist,joint_gradual
recovery_6_24,46,0.0010750607764185866,mask50_minus_recency,nist,joint_gradual
recovery_6_24,47,-0.0003047324079235926,mask50_minus_recency,nist,joint_gradual
recovery_6_24,48,9.23869833980818e-05,mask50_minus_recency,nist,joint_gradual
recovery_6_24,49,-0.00015071456245299876,mask50_minus_recency,nist,joint_gradual
recovery_6_24,50,-4.4124606832592544e-05,mask50_minus_recency,nist,joint_gradual
recovery_6_24,51,-0.00021093022230466574,mask50_minus_recency,nist,joint_gradual
outage,26,0.00022237507096804435,aci_bounded_minus_rolling,nist,joint_gradual
outage,27,-9.277310317356212e-05,aci_bounded_minus_rolling,nist,joint_gradual
outage,28,-4.033694887631421e-05,aci_bounded_minus_rolling,nist,joint_gradual
outage,29,-0.0002857689450897393,aci_bounded_minus_rolling,nist,joint_gradual
outage,30,-0.0002541358970428261,aci_bounded_minus_rolling,nist,joint_gradual
outage,31,0.0004053013808908766,aci_bounded_minus_rolling,nist,joint_gradual
outage,32,-0.0001150881563519085,aci_bounded_minus_rolling,nist,joint_gradual
outage,33,3.970564854780863e-05,aci_bounded_minus_rolling,nist,joint_gradual
outage,34,1.7085860870580394e-05,aci_bounded_minus_rolling,nist,joint_gradual
outage,35,-4.761272071125526e-05,aci_bounded_minus_rolling,nist,joint_gradual
outage,36,-3.338818994325643e-05,aci_bounded_minus_rolling,nist,joint_gradual
outage,37,0.00043659810132249413,aci_bounded_minus_rolling,nist,joint_gradual
outage,38,0.0005502107117953153,aci_bounded_minus_rolling,nist,joint_gradual
outage,39,-1.8575929595510053e-05,aci_bounded_minus_rolling,nist,joint_gradual
outage,40,-0.00025212222988279045,aci_bounded_minus_rolling,nist,joint_gradual
outage,42,-1.0499667805142244e-05,aci_bounded_minus_rolling,nist,joint_gradual
outage,43,-5.932485555329542e-05,aci_bounded_minus_rolling,nist,joint_gradual
outage,44,1.0235636650019768e-05,aci_bounded_minus_rolling,nist,joint_gradual
outage,45,6.454597199835965e-05,aci_bounded_minus_rolling,nist,joint_gradual
outage,46,-0.0007822101411563479,aci_bounded_minus_rolling,nist,joint_gradual
outage,47,8.546207022548224e-05,aci_bounded_minus_rolling,nist,joint_gradual
outage,48,9.653101137666736e-05,aci_bounded_minus_rolling,nist,joint_gradual
outage,49,4.136375769009233e-05,aci_bounded_minus_rolling,nist,joint_gradual
outage,50,-2.3138136769480528e-05,aci_bounded_minus_rolling,nist,joint_gradual
outage,51,4.9127603782785324e-05,aci_bounded_minus_rolling,nist,joint_gradual
recovery_0_6,26,2.8000420313502335e-05,aci_bounded_minus_rolling,nist,joint_gradual
recovery_0_6,27,-0.00018013152938155973,aci_bounded_minus_rolling,nist,joint_gradual
recovery_0_6,28,3.5570020460519665e-05,aci_bounded_minus_rolling,nist,joint_gradual
recovery_0_6,29,1.8728461685133094e-05,aci_bounded_minus_rolling,nist,joint_gradual
recovery_0_6,31,-3.045255283082625e-05,aci_bounded_minus_rolling,nist,joint_gradual
recovery_0_6,32,0.00028907051242954795,aci_bounded_minus_rolling,nist,joint_gradual
recovery_0_6,34,6.767001411036811e-05,aci_bounded_minus_rolling,nist,joint_gradual
recovery_0_6,35,-0.00013264431976445858,aci_bounded_minus_rolling,nist,joint_gradual
recovery_0_6,36,0.00043696525099188205,aci_bounded_minus_rolling,nist,joint_gradual
recovery_0_6,37,-0.00011583284247557805,aci_bounded_minus_rolling,nist,joint_gradual
recovery_0_6,38,8.151712902464137e-06,aci_bounded_minus_rolling,nist,joint_gradual
recovery_0_6,39,-9.40674621417048e-06,aci_bounded_minus_rolling,nist,joint_gradual
recovery_0_6,40,6.648254626948705e-05,aci_bounded_minus_rolling,nist,joint_gradual
recovery_0_6,41,-0.00018911364508482353,aci_bounded_minus_rolling,nist,joint_gradual
recovery_0_6,42,-2.347183802966561e-05,aci_bounded_minus_rolling,nist,joint_gradual
recovery_0_6,43,0.00011069546851966497,aci_bounded_minus_rolling,nist,joint_gradual
recovery_0_6,44,0.00035018918766663645,aci_bounded_minus_rolling,nist,joint_gradual
recovery_0_6,45,-0.00019859044660801935,aci_bounded_minus_rolling,nist,joint_gradual
recovery_0_6,46,0.00018900567858094467,aci_bounded_minus_rolling,nist,joint_gradual
recovery_0_6,47,0.00011135013871043246,aci_bounded_minus_rolling,nist,joint_gradual
recovery_0_6,48,0.00014522847769587354,aci_bounded_minus_rolling,nist,joint_gradual
recovery_0_6,49,6.018027743280159e-05,aci_bounded_minus_rolling,nist,joint_gradual
recovery_0_6,50,6.313209037913062e-05,aci_bounded_minus_rolling,nist,joint_gradual
recovery_6_24,26,3.8681665467445774e-05,aci_bounded_minus_rolling,nist,joint_gradual
recovery_6_24,27,-6.948562630648647e-05,aci_bounded_minus_rolling,nist,joint_gradual
recovery_6_24,28,8.370844885605452e-05,aci_bounded_minus_rolling,nist,joint_gradual
recovery_6_24,29,-0.0003059259839474941,aci_bounded_minus_rolling,nist,joint_gradual
recovery_6_24,30,-2.8394026376302245e-05,aci_bounded_minus_rolling,nist,joint_gradual
recovery_6_24,31,3.8053383052279975e-05,aci_bounded_minus_rolling,nist,joint_gradual
recovery_6_24,32,4.659868612279311e-05,aci_bounded_minus_rolling,nist,joint_gradual
recovery_6_24,33,-8.44738386708234e-06,aci_bounded_minus_rolling,nist,joint_gradual
recovery_6_24,34,-2.397682926338772e-05,aci_bounded_minus_rolling,nist,joint_gradual
recovery_6_24,35,0.00022400375005352476,aci_bounded_minus_rolling,nist,joint_gradual
recovery_6_24,36,-8.319825040212763e-05,aci_bounded_minus_rolling,nist,joint_gradual
recovery_6_24,37,-6.134348678534504e-05,aci_bounded_minus_rolling,nist,joint_gradual
recovery_6_24,38,0.00011745845834590314,aci_bounded_minus_rolling,nist,joint_gradual
recovery_6_24,39,6.79641764700516e-05,aci_bounded_minus_rolling,nist,joint_gradual
recovery_6_24,40,1.6147655257482598e-05,aci_bounded_minus_rolling,nist,joint_gradual
recovery_6_24,41,-3.098307035247499e-05,aci_bounded_minus_rolling,nist,joint_gradual
recovery_6_24,42,0.00012096016848493973,aci_bounded_minus_rolling,nist,joint_gradual
recovery_6_24,43,-2.3781602876711123e-05,aci_bounded_minus_rolling,nist,joint_gradual
recovery_6_24,44,4.6226877896036487e-05,aci_bounded_minus_rolling,nist,joint_gradual
recovery_6_24,45,-0.00040997133229815765,aci_bounded_minus_rolling,nist,joint_gradual
recovery_6_24,46,-0.0006146931974611312,aci_bounded_minus_rolling,nist,joint_gradual
recovery_6_24,47,2.9619640439915793e-05,aci_bounded_minus_rolling,nist,joint_gradual
recovery_6_24,48,8.243981240335076e-05,aci_bounded_minus_rolling,nist,joint_gradual
recovery_6_24,49,-2.5414285729032194e-06,aci_bounded_minus_rolling,nist,joint_gradual
recovery_6_24,50,6.527465687997278e-05,aci_bounded_minus_rolling,nist,joint_gradual
recovery_6_24,51,-2.4130413881533793e-06,aci_bounded_minus_rolling,nist,joint_gradual
outage,26,0.0002174561561667373,physical_recovery_minus_physical,colorado,joint_gradual
outage,27,-8.382705704296206e-05,physical_recovery_minus_physical,colorado,joint_gradual
outage,28,-4.135556992109796e-05,physical_recovery_minus_physical,colorado,joint_gradual
outage,29,-0.0001536033402934361,physical_recovery_minus_physical,colorado,joint_gradual
outage,30,-8.572663586148247e-05,physical_recovery_minus_physical,colorado,joint_gradual
outage,31,-0.0002316601510516898,physical_recovery_minus_physical,colorado,joint_gradual
outage,32,-0.00022252678849975533,physical_recovery_minus_physical,colorado,joint_gradual
outage,33,-0.00010123884766096443,physical_recovery_minus_physical,colorado,joint_gradual
outage,34,0.00013182343188561542,physical_recovery_minus_physical,colorado,joint_gradual
outage,35,-0.0005396303955058038,physical_recovery_minus_physical,colorado,joint_gradual
outage,36,6.040123109006751e-05,physical_recovery_minus_physical,colorado,joint_gradual
outage,37,-5.883762461353272e-05,physical_recovery_minus_physical,colorado,joint_gradual
outage,38,1.7536249560071782e-05,physical_recovery_minus_physical,colorado,joint_gradual
outage,39,-0.00015997038179433427,physical_recovery_minus_physical,colorado,joint_gradual
outage,40,-5.8329716061221985e-05,physical_recovery_minus_physical,colorado,joint_gradual
outage,41,-0.00011534226302671915,physical_recovery_minus_physical,colorado,joint_gradual
outage,42,2.7976325574679498e-05,physical_recovery_minus_physical,colorado,joint_gradual
outage,43,0.00013783994472840893,physical_recovery_minus_physical,colorado,joint_gradual
outage,44,-0.0002220905711029291,physical_recovery_minus_physical,colorado,joint_gradual
outage,45,-2.258643026336535e-05,physical_recovery_minus_physical,colorado,joint_gradual
outage,46,-9.450500567355198e-05,physical_recovery_minus_physical,colorado,joint_gradual
outage,47,-0.00033341520833721417,physical_recovery_minus_physical,colorado,joint_gradual
outage,48,9.143834242175707e-05,physical_recovery_minus_physical,colorado,joint_gradual
outage,49,-0.0005673394840617936,physical_recovery_minus_physical,colorado,joint_gradual
outage,50,-0.0004453716400117736,physical_recovery_minus_physical,colorado,joint_gradual
outage,51,0.00017692328843075077,physical_recovery_minus_physical,colorado,joint_gradual
recovery_0_6,26,-0.0004985709140896717,physical_recovery_minus_physical,colorado,joint_gradual
recovery_0_6,27,1.6249249281939556e-05,physical_recovery_minus_physical,colorado,joint_gradual
recovery_0_6,28,7.826478760469026e-05,physical_recovery_minus_physical,colorado,joint_gradual
recovery_0_6,29,-1.3459618541717971e-05,physical_recovery_minus_physical,colorado,joint_gradual
recovery_0_6,30,-3.0707002811143865e-05,physical_recovery_minus_physical,colorado,joint_gradual
recovery_0_6,31,-1.933821218199221e-05,physical_recovery_minus_physical,colorado,joint_gradual
recovery_0_6,32,6.647201064997963e-05,physical_recovery_minus_physical,colorado,joint_gradual
recovery_0_6,34,-4.046197238975011e-05,physical_recovery_minus_physical,colorado,joint_gradual
recovery_0_6,35,-0.0003461847662283776,physical_recovery_minus_physical,colorado,joint_gradual
recovery_0_6,36,0.0001948579306923999,physical_recovery_minus_physical,colorado,joint_gradual
recovery_0_6,37,7.599738578983004e-06,physical_recovery_minus_physical,colorado,joint_gradual
recovery_0_6,39,0.00010420325154687355,physical_recovery_minus_physical,colorado,joint_gradual
recovery_0_6,40,-9.843732114894762e-05,physical_recovery_minus_physical,colorado,joint_gradual
recovery_0_6,41,-0.00023320133140940918,physical_recovery_minus_physical,colorado,joint_gradual
recovery_0_6,42,0.00017634093569983273,physical_recovery_minus_physical,colorado,joint_gradual
recovery_0_6,45,0.0001705083889252015,physical_recovery_minus_physical,colorado,joint_gradual
recovery_0_6,46,2.4435464865020778e-06,physical_recovery_minus_physical,colorado,joint_gradual
recovery_0_6,47,-0.0006470731473834343,physical_recovery_minus_physical,colorado,joint_gradual
recovery_0_6,48,0.001468174031356933,physical_recovery_minus_physical,colorado,joint_gradual
recovery_0_6,49,-9.595237063840017e-05,physical_recovery_minus_physical,colorado,joint_gradual
recovery_0_6,50,0.0022720322259937287,physical_recovery_minus_physical,colorado,joint_gradual
recovery_0_6,51,-5.891225481990947e-05,physical_recovery_minus_physical,colorado,joint_gradual
recovery_6_24,26,4.005679775253315e-05,physical_recovery_minus_physical,colorado,joint_gradual
recovery_6_24,27,6.529030091713354e-06,physical_recovery_minus_physical,colorado,joint_gradual
recovery_6_24,28,3.7230081151263234e-05,physical_recovery_minus_physical,colorado,joint_gradual
recovery_6_24,29,-3.6778591128230335e-05,physical_recovery_minus_physical,colorado,joint_gradual
recovery_6_24,30,3.362341204904959e-05,physical_recovery_minus_physical,colorado,joint_gradual
recovery_6_24,31,-0.00011628453618041443,physical_recovery_minus_physical,colorado,joint_gradual
recovery_6_24,32,7.858854024659343e-05,physical_recovery_minus_physical,colorado,joint_gradual
recovery_6_24,33,-3.681408181224803e-05,physical_recovery_minus_physical,colorado,joint_gradual
recovery_6_24,34,0.00011443259313968153,physical_recovery_minus_physical,colorado,joint_gradual
recovery_6_24,35,0.0002138125134139576,physical_recovery_minus_physical,colorado,joint_gradual
recovery_6_24,36,0.0002854354280990542,physical_recovery_minus_physical,colorado,joint_gradual
recovery_6_24,37,-0.0002276555509908552,physical_recovery_minus_physical,colorado,joint_gradual
recovery_6_24,38,0.0003616293617470293,physical_recovery_minus_physical,colorado,joint_gradual
recovery_6_24,39,-0.0002623413097133555,physical_recovery_minus_physical,colorado,joint_gradual
recovery_6_24,40,-8.33142634445443e-07,physical_recovery_minus_physical,colorado,joint_gradual
recovery_6_24,41,-0.00014609781007597235,physical_recovery_minus_physical,colorado,joint_gradual
recovery_6_24,42,-0.0004936502050329357,physical_recovery_minus_physical,colorado,joint_gradual
recovery_6_24,43,-0.00013244231182205326,physical_recovery_minus_physical,colorado,joint_gradual
recovery_6_24,44,3.8747636414940855e-05,physical_recovery_minus_physical,colorado,joint_gradual
recovery_6_24,45,-0.00011545934022646321,physical_recovery_minus_physical,colorado,joint_gradual
recovery_6_24,46,-0.00016387324105702938,physical_recovery_minus_physical,colorado,joint_gradual
recovery_6_24,47,-0.00030295891933618816,physical_recovery_minus_physical,colorado,joint_gradual
recovery_6_24,48,-8.917163263198658e-05,physical_recovery_minus_physical,colorado,joint_gradual
recovery_6_24,49,-0.000259439925228232,physical_recovery_minus_physical,colorado,joint_gradual
recovery_6_24,50,0.0016859645089487287,physical_recovery_minus_physical,colorado,joint_gradual
recovery_6_24,51,-0.00030285384719739965,physical_recovery_minus_physical,colorado,joint_gradual
outage,26,-8.449142424001119e-06,physical_minus_recency,colorado,joint_gradual
outage,27,-7.267059671136169e-05,physical_minus_recency,colorado,joint_gradual
outage,28,-0.00014327079276695628,physical_minus_recency,colorado,joint_gradual
outage,29,-0.00010275947051927798,physical_minus_recency,colorado,joint_gradual
outage,30,3.1347248769870944e-05,physical_minus_recency,colorado,joint_gradual
outage,31,0.0002449457631939508,physical_minus_recency,colorado,joint_gradual
outage,32,-0.00030905556024047714,physical_minus_recency,colorado,joint_gradual
outage,33,0.00017615129979727578,physical_minus_recency,colorado,joint_gradual
outage,34,-0.0006113754221972058,physical_minus_recency,colorado,joint_gradual
outage,35,-0.0009523171417440148,physical_minus_recency,colorado,joint_gradual
outage,36,-0.00023980825917339736,physical_minus_recency,colorado,joint_gradual
outage,37,0.00045650592381227983,physical_minus_recency,colorado,joint_gradual
outage,38,1.8896400856073856e-05,physical_minus_recency,colorado,joint_gradual
outage,39,0.00023540210919864877,physical_minus_recency,colorado,joint_gradual
outage,40,-8.134093009406885e-05,physical_minus_recency,colorado,joint_gradual
outage,41,-0.00015292438656279493,physical_minus_recency,colorado,joint_gradual
outage,42,0.0007420443542427493,physical_minus_recency,colorado,joint_gradual
outage,43,-0.00025715655689171333,physical_minus_recency,colorado,joint_gradual
outage,44,-0.00020902510794859952,physical_minus_recency,colorado,joint_gradual
outage,45,9.782182402502809e-05,physical_minus_recency,colorado,joint_gradual
outage,46,-0.0011251194038285127,physical_minus_recency,colorado,joint_gradual
outage,47,-0.00032684225751106595,physical_minus_recency,colorado,joint_gradual
outage,48,-0.0003447695366629387,physical_minus_recency,colorado,joint_gradual
outage,49,-0.0019981113644255166,physical_minus_recency,colorado,joint_gradual
outage,50,0.00021433880101747049,physical_minus_recency,colorado,joint_gradual
outage,51,-0.0012845127493972092,physical_minus_recency,colorado,joint_gradual
recovery_0_6,26,-0.00029119335138458655,physical_minus_recency,colorado,joint_gradual
recovery_0_6,27,-2.5817219621340167e-05,physical_minus_recency,colorado,joint_gradual
recovery_0_6,28,-5.245309058123527e-05,physical_minus_recency,colorado,joint_gradual
recovery_0_6,29,0.00047603608063815874,physical_minus_recency,colorado,joint_gradual
recovery_0_6,30,6.22998543676967e-05,physical_minus_recency,colorado,joint_gradual
recovery_0_6,31,-4.708828697608551e-06,physical_minus_recency,colorado,joint_gradual
recovery_0_6,32,-0.00016115268178797302,physical_minus_recency,colorado,joint_gradual
recovery_0_6,34,-0.0004856321213212761,physical_minus_recency,colorado,joint_gradual
recovery_0_6,35,6.863027943509378e-06,physical_minus_recency,colorado,joint_gradual
recovery_0_6,36,7.095584002344287e-05,physical_minus_recency,colorado,joint_gradual
recovery_0_6,37,0.000359261435990353,physical_minus_recency,colorado,joint_gradual
recovery_0_6,39,-0.0002897154206482361,physical_minus_recency,colorado,joint_gradual
recovery_0_6,40,-0.0006727801900825152,physical_minus_recency,colorado,joint_gradual
recovery_0_6,41,0.000520272566432731,physical_minus_recency,colorado,joint_gradual
recovery_0_6,42,7.97224449526232e-05,physical_minus_recency,colorado,joint_gradual
recovery_0_6,45,-0.0002728916567489553,physical_minus_recency,colorado,joint_gradual
recovery_0_6,46,-0.00019970762294485299,physical_minus_recency,colorado,joint_gradual
recovery_0_6,47,0.0018072691752164447,physical_minus_recency,colorado,joint_gradual
recovery_0_6,48,-0.0023241810284791373,physical_minus_recency,colorado,joint_gradual
recovery_0_6,49,-0.0005316103746982217,physical_minus_recency,colorado,joint_gradual
recovery_0_6,50,-0.002131312359955902,physical_minus_recency,colorado,joint_gradual
recovery_0_6,51,-0.0006662316430308844,physical_minus_recency,colorado,joint_gradual
recovery_6_24,26,4.867732114942729e-05,physical_minus_recency,colorado,joint_gradual
recovery_6_24,27,-1.96782347611489e-05,physical_minus_recency,colorado,joint_gradual
recovery_6_24,28,-4.0165209132729654e-05,physical_minus_recency,colorado,joint_gradual
recovery_6_24,29,0.0002168816757788487,physical_minus_recency,colorado,joint_gradual
recovery_6_24,30,3.7811730632128076e-05,physical_minus_recency,colorado,joint_gradual
recovery_6_24,31,-0.0004117973596389516,physical_minus_recency,colorado,joint_gradual
recovery_6_24,32,-0.00015835790281287058,physical_minus_recency,colorado,joint_gradual
recovery_6_24,33,-0.001223996470983779,physical_minus_recency,colorado,joint_gradual
recovery_6_24,34,-0.001292804116478719,physical_minus_recency,colorado,joint_gradual
recovery_6_24,35,6.726147458659589e-06,physical_minus_recency,colorado,joint_gradual
recovery_6_24,36,-2.857669518509003e-05,physical_minus_recency,colorado,joint_gradual
recovery_6_24,37,-0.00038029723353236004,physical_minus_recency,colorado,joint_gradual
recovery_6_24,38,0.0004022064931251961,physical_minus_recency,colorado,joint_gradual
recovery_6_24,39,-0.0009868671228134166,physical_minus_recency,colorado,joint_gradual
recovery_6_24,40,0.00020838166607136651,physical_minus_recency,colorado,joint_gradual
recovery_6_24,41,0.00020876289840219214,physical_minus_recency,colorado,joint_gradual
recovery_6_24,42,-0.001328178615574986,physical_minus_recency,colorado,joint_gradual
recovery_6_24,43,3.143043756671975e-05,physical_minus_recency,colorado,joint_gradual
recovery_6_24,44,6.994146383807361e-05,physical_minus_recency,colorado,joint_gradual
recovery_6_24,45,-0.0011212627878896672,physical_minus_recency,colorado,joint_gradual
recovery_6_24,46,-0.0007964538613632181,physical_minus_recency,colorado,joint_gradual
recovery_6_24,47,-1.5013325971135853e-05,physical_minus_recency,colorado,joint_gradual
recovery_6_24,48,0.0002501090654791019,physical_minus_recency,colorado,joint_gradual
recovery_6_24,49,7.608945740632711e-05,physical_minus_recency,colorado,joint_gradual
recovery_6_24,50,-0.0019752505698970115,physical_minus_recency,colorado,joint_gradual
recovery_6_24,51,-0.0032023688716976864,physical_minus_recency,colorado,joint_gradual
outage,26,7.32049639186939e-05,mask50_minus_recency,colorado,joint_gradual
outage,27,-8.331451139503435e-06,mask50_minus_recency,colorado,joint_gradual
outage,28,-2.5841326610987117e-06,mask50_minus_recency,colorado,joint_gradual
outage,29,-3.090307950901834e-05,mask50_minus_recency,colorado,joint_gradual
outage,30,-1.166927617566842e-06,mask50_minus_recency,colorado,joint_gradual
outage,31,-1.4222149731479354e-05,mask50_minus_recency,colorado,joint_gradual
outage,32,-8.631460798532066e-05,mask50_minus_recency,colorado,joint_gradual
outage,33,-3.421849162797854e-05,mask50_minus_recency,colorado,joint_gradual
outage,34,-9.069403415144257e-05,mask50_minus_recency,colorado,joint_gradual
outage,35,-0.00043420366565576155,mask50_minus_recency,colorado,joint_gradual
outage,36,-1.3904422738081432e-05,mask50_minus_recency,colorado,joint_gradual
outage,37,-6.515156733249432e-05,mask50_minus_recency,colorado,joint_gradual
outage,38,9.765986077864237e-05,mask50_minus_recency,colorado,joint_gradual
outage,39,-2.691685360035928e-05,mask50_minus_recency,colorado,joint_gradual
outage,40,-0.00012434998459089633,mask50_minus_recency,colorado,joint_gradual
outage,41,2.912502806403286e-05,mask50_minus_recency,colorado,joint_gradual
outage,42,0.00013123059229153133,mask50_minus_recency,colorado,joint_gradual
outage,43,5.875296539400678e-06,mask50_minus_recency,colorado,joint_gradual
outage,44,-5.448729304998869e-05,mask50_minus_recency,colorado,joint_gradual
outage,45,2.9638692541526096e-05,mask50_minus_recency,colorado,joint_gradual
outage,46,5.240312002208817e-05,mask50_minus_recency,colorado,joint_gradual
outage,47,-0.0001493006072819028,mask50_minus_recency,colorado,joint_gradual
outage,48,-4.9432883160215177e-05,mask50_minus_recency,colorado,joint_gradual
outage,49,0.00027695873776134697,mask50_minus_recency,colorado,joint_gradual
outage,50,-0.00033540556880825987,mask50_minus_recency,colorado,joint_gradual
outage,51,-5.328131869563347e-06,mask50_minus_recency,colorado,joint_gradual
recovery_0_6,26,-9.672016464523065e-05,mask50_minus_recency,colorado,joint_gradual
recovery_0_6,27,2.3422102512281535e-05,mask50_minus_recency,colorado,joint_gradual
recovery_0_6,28,3.250505747078589e-05,mask50_minus_recency,colorado,joint_gradual
recovery_0_6,29,5.43905811325081e-05,mask50_minus_recency,colorado,joint_gradual
recovery_0_6,30,-2.6646269961527053e-05,mask50_minus_recency,colorado,joint_gradual
recovery_0_6,31,-5.693859517940982e-05,mask50_minus_recency,colorado,joint_gradual
recovery_0_6,32,-8.27144797654063e-05,mask50_minus_recency,colorado,joint_gradual
recovery_0_6,34,3.673599291070329e-05,mask50_minus_recency,colorado,joint_gradual
recovery_0_6,35,-0.0001953575946979372,mask50_minus_recency,colorado,joint_gradual
recovery_0_6,36,-2.5672624012276842e-05,mask50_minus_recency,colorado,joint_gradual
recovery_0_6,37,7.151855952525924e-05,mask50_minus_recency,colorado,joint_gradual
recovery_0_6,39,-7.301387004099009e-07,mask50_minus_recency,colorado,joint_gradual
recovery_0_6,40,-0.00023732217693352183,mask50_minus_recency,colorado,joint_gradual
recovery_0_6,41,0.00027090011097701157,mask50_minus_recency,colorado,joint_gradual
recovery_0_6,42,0.00021394753869937106,mask50_minus_recency,colorado,joint_gradual
recovery_0_6,45,8.457422928130039e-05,mask50_minus_recency,colorado,joint_gradual
recovery_0_6,46,-1.2020369238121217e-05,mask50_minus_recency,colorado,joint_gradual
recovery_0_6,47,2.2222815417503425e-05,mask50_minus_recency,colorado,joint_gradual
recovery_0_6,48,-0.00019014393996815148,mask50_minus_recency,colorado,joint_gradual
recovery_0_6,49,9.355710583719727e-05,mask50_minus_recency,colorado,joint_gradual
recovery_0_6,50,-0.0010537409598750521,mask50_minus_recency,colorado,joint_gradual
recovery_0_6,51,6.726155926599017e-05,mask50_minus_recency,colorado,joint_gradual
recovery_6_24,26,8.0681435398491e-06,mask50_minus_recency,colorado,joint_gradual
recovery_6_24,27,3.185535040698519e-06,mask50_minus_recency,colorado,joint_gradual
recovery_6_24,28,3.1401666034264944e-05,mask50_minus_recency,colorado,joint_gradual
recovery_6_24,29,-3.0279835705204473e-05,mask50_minus_recency,colorado,joint_gradual
recovery_6_24,30,6.8907033149238325e-06,mask50_minus_recency,colorado,joint_gradual
recovery_6_24,31,-7.543811458440958e-05,mask50_minus_recency,colorado,joint_gradual
recovery_6_24,32,0.000105342299620557,mask50_minus_recency,colorado,joint_gradual
recovery_6_24,33,-0.00019698983096629817,mask50_minus_recency,colorado,joint_gradual
recovery_6_24,34,-2.202318877444093e-05,mask50_minus_recency,colorado,joint_gradual
recovery_6_24,35,0.00019147719960156527,mask50_minus_recency,colorado,joint_gradual
recovery_6_24,36,-6.96207494437463e-05,mask50_minus_recency,colorado,joint_gradual
recovery_6_24,37,-0.0004935788804213815,mask50_minus_recency,colorado,joint_gradual
recovery_6_24,38,0.00028613745822952843,mask50_minus_recency,colorado,joint_gradual
recovery_6_24,39,-0.00010818615589687708,mask50_minus_recency,colorado,joint_gradual
recovery_6_24,40,-4.157919192991814e-05,mask50_minus_recency,colorado,joint_gradual
recovery_6_24,41,4.4814024084693476e-05,mask50_minus_recency,colorado,joint_gradual
recovery_6_24,42,-0.00022078430048500674,mask50_minus_recency,colorado,joint_gradual
recovery_6_24,43,3.4721820315888278e-06,mask50_minus_recency,colorado,joint_gradual
recovery_6_24,44,0.0001441487952216893,mask50_minus_recency,colorado,joint_gradual
recovery_6_24,45,-5.816658396980262e-05,mask50_minus_recency,colorado,joint_gradual
recovery_6_24,46,-0.00010828913011007582,mask50_minus_recency,colorado,joint_gradual
recovery_6_24,47,3.4202099017194735e-05,mask50_minus_recency,colorado,joint_gradual
recovery_6_24,48,3.18145529355527e-05,mask50_minus_recency,colorado,joint_gradual
recovery_6_24,49,-8.636510329648831e-05,mask50_minus_recency,colorado,joint_gradual
recovery_6_24,50,-0.0007689312782746451,mask50_minus_recency,colorado,joint_gradual
recovery_6_24,51,-5.501145256795197e-05,mask50_minus_recency,colorado,joint_gradual
outage,26,-0.00010455950806745661,aci_bounded_minus_rolling,colorado,joint_gradual
outage,27,3.7977166488217356e-05,aci_bounded_minus_rolling,colorado,joint_gradual
outage,28,-0.00012490393599091742,aci_bounded_minus_rolling,colorado,joint_gradual
outage,29,-8.098881201501173e-05,aci_bounded_minus_rolling,colorado,joint_gradual
outage,30,-3.6518577199476195e-05,aci_bounded_minus_rolling,colorado,joint_gradual
outage,31,-5.849182570221084e-05,aci_bounded_minus_rolling,colorado,joint_gradual
outage,32,-1.9571777935514786e-05,aci_bounded_minus_rolling,colorado,joint_gradual
outage,33,4.831828198781274e-06,aci_bounded_minus_rolling,colorado,joint_gradual
outage,34,-0.00026888488623638945,aci_bounded_minus_rolling,colorado,joint_gradual
outage,35,-0.00043737455343529665,aci_bounded_minus_rolling,colorado,joint_gradual
outage,36,0.0001889297313306575,aci_bounded_minus_rolling,colorado,joint_gradual
outage,37,0.0003912578303137176,aci_bounded_minus_rolling,colorado,joint_gradual
outage,38,0.00013596337117946402,aci_bounded_minus_rolling,colorado,joint_gradual
outage,39,4.436143948688245e-05,aci_bounded_minus_rolling,colorado,joint_gradual
outage,40,-0.00014373931537924113,aci_bounded_minus_rolling,colorado,joint_gradual
outage,41,0.00018362359974843324,aci_bounded_minus_rolling,colorado,joint_gradual
outage,42,0.00023089300531300636,aci_bounded_minus_rolling,colorado,joint_gradual
outage,43,-3.200552247787772e-05,aci_bounded_minus_rolling,colorado,joint_gradual
outage,44,5.768136930965844e-06,aci_bounded_minus_rolling,colorado,joint_gradual
outage,45,7.486122665029682e-05,aci_bounded_minus_rolling,colorado,joint_gradual
outage,46,5.4816342027693824e-05,aci_bounded_minus_rolling,colorado,joint_gradual
outage,47,3.746246368639683e-05,aci_bounded_minus_rolling,colorado,joint_gradual
outage,48,2.8080434834049687e-05,aci_bounded_minus_rolling,colorado,joint_gradual
outage,49,-7.645906427213428e-05,aci_bounded_minus_rolling,colorado,joint_gradual
outage,50,-4.150691749583065e-05,aci_bounded_minus_rolling,colorado,joint_gradual
outage,51,-0.00105956704799144,aci_bounded_minus_rolling,colorado,joint_gradual
recovery_0_6,26,0.00018533150027532147,aci_bounded_minus_rolling,colorado,joint_gradual
recovery_0_6,27,-4.147288702966271e-05,aci_bounded_minus_rolling,colorado,joint_gradual
recovery_0_6,28,0.00011361736306872193,aci_bounded_minus_rolling,colorado,joint_gradual
recovery_0_6,29,-0.00011602819090095907,aci_bounded_minus_rolling,colorado,joint_gradual
recovery_0_6,30,0.00013081859454046416,aci_bounded_minus_rolling,colorado,joint_gradual
recovery_0_6,31,0.00024946715391129887,aci_bounded_minus_rolling,colorado,joint_gradual
recovery_0_6,32,1.9504887099908266e-05,aci_bounded_minus_rolling,colorado,joint_gradual
recovery_0_6,34,0.00017690667253813475,aci_bounded_minus_rolling,colorado,joint_gradual
recovery_0_6,35,-3.959667556149328e-05,aci_bounded_minus_rolling,colorado,joint_gradual
recovery_0_6,36,0.0001433965962247849,aci_bounded_minus_rolling,colorado,joint_gradual
recovery_0_6,37,0.0002472785582429933,aci_bounded_minus_rolling,colorado,joint_gradual
recovery_0_6,39,-8.315075225340428e-06,aci_bounded_minus_rolling,colorado,joint_gradual
recovery_0_6,40,-0.00011639950141607402,aci_bounded_minus_rolling,colorado,joint_gradual
recovery_0_6,41,0.00013340943573689982,aci_bounded_minus_rolling,colorado,joint_gradual
recovery_0_6,42,0.00016480812144460504,aci_bounded_minus_rolling,colorado,joint_gradual
recovery_0_6,45,-9.195666900144772e-06,aci_bounded_minus_rolling,colorado,joint_gradual
recovery_0_6,46,4.756846366797775e-05,aci_bounded_minus_rolling,colorado,joint_gradual
recovery_0_6,47,0.00010036409219584581,aci_bounded_minus_rolling,colorado,joint_gradual
recovery_0_6,48,-0.0002813430276008257,aci_bounded_minus_rolling,colorado,joint_gradual
recovery_0_6,49,3.247077662999875e-05,aci_bounded_minus_rolling,colorado,joint_gradual
recovery_0_6,50,-0.001128280484492973,aci_bounded_minus_rolling,colorado,joint_gradual
recovery_0_6,51,0.0002676577318158381,aci_bounded_minus_rolling,colorado,joint_gradual
recovery_6_24,26,-3.15187954965966e-05,aci_bounded_minus_rolling,colorado,joint_gradual
recovery_6_24,27,-9.347750179967997e-05,aci_bounded_minus_rolling,colorado,joint_gradual
recovery_6_24,28,-8.305550268149826e-05,aci_bounded_minus_rolling,colorado,joint_gradual
recovery_6_24,29,5.8121515147953e-05,aci_bounded_minus_rolling,colorado,joint_gradual
recovery_6_24,30,2.607855753757514e-05,aci_bounded_minus_rolling,colorado,joint_gradual
recovery_6_24,31,0.00010365694703721121,aci_bounded_minus_rolling,colorado,joint_gradual
recovery_6_24,32,-3.122332425755405e-06,aci_bounded_minus_rolling,colorado,joint_gradual
recovery_6_24,33,-8.493455979950922e-05,aci_bounded_minus_rolling,colorado,joint_gradual
recovery_6_24,34,-9.718751321463979e-05,aci_bounded_minus_rolling,colorado,joint_gradual
recovery_6_24,35,-0.00014288305133302096,aci_bounded_minus_rolling,colorado,joint_gradual
recovery_6_24,36,6.0377536140707596e-05,aci_bounded_minus_rolling,colorado,joint_gradual
recovery_6_24,37,-0.00029568200455821434,aci_bounded_minus_rolling,colorado,joint_gradual
recovery_6_24,38,0.00029114290008368097,aci_bounded_minus_rolling,colorado,joint_gradual
recovery_6_24,39,-0.00016781969786229374,aci_bounded_minus_rolling,colorado,joint_gradual
recovery_6_24,40,0.00017653424317113777,aci_bounded_minus_rolling,colorado,joint_gradual
recovery_6_24,41,0.00011934758252097584,aci_bounded_minus_rolling,colorado,joint_gradual
recovery_6_24,42,-0.00021601892074817668,aci_bounded_minus_rolling,colorado,joint_gradual
recovery_6_24,43,1.4163865724601513e-05,aci_bounded_minus_rolling,colorado,joint_gradual
recovery_6_24,44,-4.1947926825704735e-05,aci_bounded_minus_rolling,colorado,joint_gradual
recovery_6_24,45,0.0001427638926717088,aci_bounded_minus_rolling,colorado,joint_gradual
recovery_6_24,46,-3.157712843168721e-05,aci_bounded_minus_rolling,colorado,joint_gradual
recovery_6_24,47,4.553689646475833e-05,aci_bounded_minus_rolling,colorado,joint_gradual
recovery_6_24,48,5.317074134957468e-05,aci_bounded_minus_rolling,colorado,joint_gradual
recovery_6_24,49,3.593667434364503e-05,aci_bounded_minus_rolling,colorado,joint_gradual
recovery_6_24,50,-0.0011210125901284123,aci_bounded_minus_rolling,colorado,joint_gradual
recovery_6_24,51,-0.0026459862160639097,aci_bounded_minus_rolling,colorado,joint_gradual
