site,population,pool,endpoint,contrast,supported,metric,left_mean,right_mean,difference,ci_lower,ci_upper,relative_difference,relative_ci_lower,relative_ci_upper,strata,paired_rows,eligible_days,calendar_blocks,nonempty_blocks,block_days,bootstrap_replicates,valid_replicates,rejected_fraction,seed
nist,recorded_ac,joint_gradual,recovery,physical_recovery_minus_physical_availability,True,nwis,0.0469236948333714,0.0469095598159198,1.4135017451594178e-05,-6.426497422600818e-05,9.72832342088564e-05,0.0003013248793436,-0.0014012931472465,0.0020030968312885,4,2305,76,48,47,7,10000,10000,0.0,3010113440
nist,recorded_ac,joint_gradual,recovery,physical_recovery_minus_physical_availability,True,nwis,0.0469236948333714,0.0469095598159198,1.4135017451594178e-05,-5.970826371846545e-05,8.72251401875525e-05,0.0003013248793436,-0.001267638291508,0.0018189896261604,4,2305,76,24,24,14,10000,10000,0.0,4184721933
nist,recorded_ac,joint_gradual,recovery,physical_recovery_minus_physical_availability,True,nwis,0.0469236948333714,0.0469095598159198,1.4135017451594178e-05,-7.641275407295547e-05,0.0001118385884286,0.0003013248793436,-0.0016429694161494,0.0022513344355782,4,2305,76,12,12,28,10000,10000,0.0,4133160025
colorado,recorded_ac,joint_gradual,recovery,physical_recovery_minus_physical_availability,True,nwis,0.0466799732740977,0.0466319246260326,4.8048648065047994e-05,1.4021158764043926e-05,8.643846173696494e-05,0.0010303809772034,0.0003032734471755,0.0018613062596465,4,2271,86,48,46,7,10000,10000,0.0,159535089
colorado,recorded_ac,joint_gradual,recovery,physical_recovery_minus_physical_availability,True,nwis,0.0466799732740977,0.0466319246260326,4.8048648065047994e-05,1.3645151792118262e-05,8.541036700189797e-05,0.0010303809772034,0.0002902147130497,0.0018523116498974,4,2271,86,24,24,14,10000,10000,0.0,3483685820
colorado,recorded_ac,joint_gradual,recovery,physical_recovery_minus_physical_availability,True,nwis,0.0466799732740977,0.0466319246260326,4.8048648065047994e-05,1.3115357545200048e-05,8.389421372009263e-05,0.0010303809772034,0.0002688821201219,0.0018371166239959,4,2271,86,12,12,28,10000,10000,0.0,1950962567
reserve10,recorded_ac,joint_gradual,recovery,physical_recovery_minus_physical_availability,True,nwis,0.0520970659716186,0.0520706427173422,2.6423254276354557e-05,-4.03061592838946e-05,0.0001010418023447,0.0005074501273162,-0.0007898801647437,0.0018961479682841,4,2193,83,48,45,7,10000,10000,0.0,897346689
reserve10,recorded_ac,joint_gradual,recovery,physical_recovery_minus_physical_availability,True,nwis,0.0520970659716186,0.0520706427173422,2.6423254276354557e-05,-2.7630861733881143e-05,8.945913150510892e-05,0.0005074501273162,-0.0005486245871812,0.0016802420298494,4,2193,83,24,24,14,10000,10000,0.0,2118158834
reserve10,recorded_ac,joint_gradual,recovery,physical_recovery_minus_physical_availability,True,nwis,0.0520970659716186,0.0520706427173422,2.6423254276354557e-05,-1.9688030731917874e-05,8.555887486973617e-05,0.0005074501273162,-0.0004175471091881,0.0014763391736623,4,2193,83,12,12,28,10000,10000,0.0,2199422964
nist,recorded_ac,no_input_age,recovery,physical_recovery_minus_physical_availability,True,nwis,0.0469836673965523,0.0469929950259203,-9.327629368019452e-06,-9.342616728255612e-05,7.265004555895014e-05,-0.000198489782634,-0.001986066698059,0.0015307187436694,4,2305,76,48,47,7,10000,10000,0.0,1803182717
nist,recorded_ac,no_input_age,recovery,physical_recovery_minus_physical_availability,True,nwis,0.0469836673965523,0.0469929950259203,-9.327629368019452e-06,-6.755130136534177e-05,5.391093114427163e-05,-0.000198489782634,-0.0014215804875656,0.0011326721320446,4,2305,76,24,24,14,10000,10000,0.0,3114436724
nist,recorded_ac,no_input_age,recovery,physical_recovery_minus_physical_availability,True,nwis,0.0469836673965523,0.0469929950259203,-9.327629368019452e-06,-7.608989409018611e-05,5.686453854403181e-05,-0.000198489782634,-0.0016176429145784,0.001167911893457,4,2305,76,12,12,28,10000,10000,0.0,2293123539
colorado,recorded_ac,no_input_age,recovery,physical_recovery_minus_physical_availability,True,nwis,0.0463948613759527,0.0463408980306637,5.3963345289051445e-05,1.812256047253429e-05,9.497259008000024e-05,0.0011644863950056,0.0003898497614546,0.0020486692667594,4,2271,86,48,46,7,10000,10000,0.0,2403229999
colorado,recorded_ac,no_input_age,recovery,physical_recovery_minus_physical_availability,True,nwis,0.0463948613759527,0.0463408980306637,5.3963345289051445e-05,1.8084464429126215e-05,9.069616581776544e-05,0.0011644863950056,0.0003892606623983,0.0019879332496789,4,2271,86,24,24,14,10000,10000,0.0,2023299897
colorado,recorded_ac,no_input_age,recovery,physical_recovery_minus_physical_availability,True,nwis,0.0463948613759527,0.0463408980306637,5.3963345289051445e-05,2.11220241189667e-05,8.755561720454954e-05,0.0011644863950056,0.0004288578161509,0.0019481070456722,4,2271,86,12,12,28,10000,10000,0.0,2382943290
nist,recorded_ac,no_block_augmentation,recovery,physical_recovery_minus_physical_availability,True,nwis,0.0469746136640332,0.0469672088901303,7.404773902951189e-06,-5.824210404927615e-05,7.5822158633582e-05,0.0001576583765127,-0.0012616799613928,0.0015846799400938,4,2305,76,48,47,7,10000,10000,0.0,956026105
nist,recorded_ac,no_block_augmentation,recovery,physical_recovery_minus_physical_availability,True,nwis,0.0469746136640332,0.0469672088901303,7.404773902951189e-06,-4.940677253577746e-05,7.423108114534591e-05,0.0001576583765127,-0.0010564460340022,0.0015482972586609,4,2305,76,24,24,14,10000,10000,0.0,387628244
nist,recorded_ac,no_block_augmentation,recovery,physical_recovery_minus_physical_availability,True,nwis,0.0469746136640332,0.0469672088901303,7.404773902951189e-06,-6.095993114248535e-05,9.769795726811009e-05,0.0001576583765127,-0.0012844038626164,0.0019381202556278,4,2305,76,12,12,28,10000,10000,0.0,1358868029
colorado,recorded_ac,no_block_augmentation,recovery,physical_recovery_minus_physical_availability,True,nwis,0.0420275494179706,0.0419892103554076,3.833906256298092e-05,1.0424658828122636e-05,7.165692260012544e-05,0.0009130693870751,0.000251337327359,0.0017153386235799,4,2271,86,48,46,7,10000,10000,0.0,1067161832
colorado,recorded_ac,no_block_augmentation,recovery,physical_recovery_minus_physical_availability,True,nwis,0.0420275494179706,0.0419892103554076,3.833906256298092e-05,1.0598442748744123e-05,7.028852700654405e-05,0.0009130693870751,0.0002580221544729,0.0017147134733881,4,2271,86,24,24,14,10000,10000,0.0,1041934854
colorado,recorded_ac,no_block_augmentation,recovery,physical_recovery_minus_physical_availability,True,nwis,0.0420275494179706,0.0419892103554076,3.833906256298092e-05,1.4296893290421942e-05,6.378573493724253e-05,0.0009130693870751,0.0003429145092144,0.0015386538294084,4,2271,86,12,12,28,10000,10000,0.0,2036330169
nist,recorded_ac,privileged_labels,recovery,physical_recovery_minus_physical_availability,True,nwis,0.0469237249805185,0.0469094722204977,1.4252760020837252e-05,-6.508054969165972e-05,9.25250937489375e-05,0.0003038354376242,-0.0014014253881299,0.0019327865979117,4,2305,76,48,47,7,10000,10000,0.0,550949157
nist,recorded_ac,privileged_labels,recovery,physical_recovery_minus_physical_availability,True,nwis,0.0469237249805185,0.0469094722204977,1.4252760020837252e-05,-5.890478245944939e-05,8.960601009785975e-05,0.0003038354376242,-0.0012542780617578,0.0018653132439272,4,2305,76,24,24,14,10000,10000,0.0,1089456685
nist,recorded_ac,privileged_labels,recovery,physical_recovery_minus_physical_availability,True,nwis,0.0469237249805185,0.0469094722204977,1.4252760020837252e-05,-7.460767736176786e-05,0.0001143493333673,0.0003038354376242,-0.0015943139060044,0.0022808349535835,4,2305,76,12,12,28,10000,10000,0.0,3927082660
colorado,recorded_ac,privileged_labels,recovery,physical_recovery_minus_physical_availability,True,nwis,0.0466820702048308,0.046633287751487,4.878245334381803e-05,1.4267009684421594e-05,8.792698586371494e-05,0.0010460865123596,0.0003124255189087,0.0018797488930385,4,2271,86,48,46,7,10000,10000,0.0,1501214348
colorado,recorded_ac,privileged_labels,recovery,physical_recovery_minus_physical_availability,True,nwis,0.0466820702048308,0.046633287751487,4.878245334381803e-05,1.3310815343927502e-05,8.630829138146361e-05,0.0010460865123596,0.0002785426607717,0.001874335297455,4,2271,86,24,24,14,10000,10000,0.0,3736540484
colorado,recorded_ac,privileged_labels,recovery,physical_recovery_minus_physical_availability,True,nwis,0.0466820702048308,0.046633287751487,4.878245334381803e-05,1.4123295577102638e-05,8.292799948674679e-05,0.0010460865123596,0.0002906639930497,0.0018166938929346,4,2271,86,12,12,28,10000,10000,0.0,1290910458
reserve10,recorded_ac,privileged_labels,recovery,physical_recovery_minus_physical_availability,True,nwis,0.052096088313754,0.0520700940279863,2.5994285767681757e-05,-4.128719499236645e-05,0.0001001703624231,0.0004992171850834,-0.0008152442292704,0.0018576152436702,4,2193,83,48,45,7,10000,10000,0.0,377206610
reserve10,recorded_ac,privileged_labels,recovery,physical_recovery_minus_physical_availability,True,nwis,0.052096088313754,0.0520700940279863,2.5994285767681757e-05,-2.7960678876750784e-05,8.837624067145523e-05,0.0004992171850834,-0.0005524379997548,0.0016477720241877,4,2193,83,24,24,14,10000,10000,0.0,1044188752
reserve10,recorded_ac,privileged_labels,recovery,physical_recovery_minus_physical_availability,True,nwis,0.052096088313754,0.0520700940279863,2.5994285767681757e-05,-2.0758793654379948e-05,8.571957440688964e-05,0.0004992171850834,-0.0004385697645014,0.0014762257083275,4,2193,83,12,12,28,10000,10000,0.0,1668415425
nist,recorded_ac,training_2015,recovery,physical_recovery_minus_physical_availability,True,nwis,0.0498698554483209,0.0498852994872004,-1.5444038879458555e-05,-0.0001144956759361,8.933306700650701e-05,-0.0003095909824781,-0.0023376594731344,0.0017627610926985,4,2305,76,48,47,7,10000,10000,0.0,152311447
nist,recorded_ac,training_2015,recovery,physical_recovery_minus_physical_availability,True,nwis,0.0498698554483209,0.0498852994872004,-1.5444038879458555e-05,-0.0001288439777253,0.0001171887446045,-0.0003095909824781,-0.0025763428965173,0.002309582099876,4,2305,76,24,24,14,10000,10000,0.0,3095738830
nist,recorded_ac,training_2015,recovery,physical_recovery_minus_physical_availability,True,nwis,0.0498698554483209,0.0498852994872004,-1.5444038879458555e-05,-0.0001367255831382,0.0001271810984018,-0.0003095909824781,-0.0027365511497876,0.0024258198964772,4,2305,76,12,12,28,10000,10000,0.0,1299675107
colorado,recorded_ac,training_2015,recovery,physical_recovery_minus_physical_availability,True,nwis,0.0924362697593488,0.0923568539381938,7.941582115494894e-05,-6.931320306869451e-05,0.0002325177622311,0.0008598801038425,-0.0007476228930556,0.0024849897071981,4,2271,86,48,46,7,10000,10000,0.0,1113670770
colorado,recorded_ac,training_2015,recovery,physical_recovery_minus_physical_availability,True,nwis,0.0924362697593488,0.0923568539381938,7.941582115494894e-05,-4.404375185248499e-05,0.0002095520960065,0.0008598801038425,-0.0004796941114458,0.0022874093152111,4,2271,86,24,24,14,10000,10000,0.0,287707266
colorado,recorded_ac,training_2015,recovery,physical_recovery_minus_physical_availability,True,nwis,0.0924362697593488,0.0923568539381938,7.941582115494894e-05,-3.6816124379044846e-05,0.0001919762143786,0.0008598801038425,-0.0003997750574936,0.0020772359877612,4,2271,86,12,12,28,10000,10000,0.0,2430278889
nist,recorded_ac,cross_site_weights,recovery,physical_recovery_minus_physical_availability,True,nwis,0.0732933797706205,0.0730033890038084,0.0002899907668121,1.6936551955549373e-05,0.0005884415588798,0.003972291845205,0.0002322921474744,0.0078965004372438,4,2305,76,48,47,7,10000,10000,0.0,740976166
nist,recorded_ac,cross_site_weights,recovery,physical_recovery_minus_physical_availability,True,nwis,0.0732933797706205,0.0730033890038084,0.0002899907668121,-1.8078061226274927e-05,0.0006268156440466,0.003972291845205,-0.0002558797409375,0.0084110067386388,4,2305,76,24,24,14,10000,10000,0.0,1686311959
nist,recorded_ac,cross_site_weights,recovery,physical_recovery_minus_physical_availability,True,nwis,0.0732933797706205,0.0730033890038084,0.0002899907668121,-8.004430922650163e-05,0.000697088637619,0.003972291845205,-0.0011077144157087,0.0092654911599082,4,2305,76,12,12,28,10000,10000,0.0,4174829523
colorado,recorded_ac,cross_site_weights,recovery,physical_recovery_minus_physical_availability,True,nwis,0.0563969401191871,0.0563628451524324,3.4094966754674716e-05,-7.394877084172107e-06,7.866340700966034e-05,0.0006049191921107,-0.0001294266249885,0.0013968739953791,4,2271,86,48,46,7,10000,10000,0.0,129414368
colorado,recorded_ac,cross_site_weights,recovery,physical_recovery_minus_physical_availability,True,nwis,0.0563969401191871,0.0563628451524324,3.4094966754674716e-05,-9.45834247172393e-06,7.778484481628708e-05,0.0006049191921107,-0.000165145177001,0.0013971306289562,4,2271,86,24,24,14,10000,10000,0.0,1974089138
colorado,recorded_ac,cross_site_weights,recovery,physical_recovery_minus_physical_availability,True,nwis,0.0563969401191871,0.0563628451524324,3.4094966754674716e-05,5.242282720619926e-06,6.156192051561309e-05,0.0006049191921107,9.197560989377666e-05,0.001092893880349,4,2271,86,12,12,28,10000,10000,0.0,3405386743
colorado,recorded_ac,right_aligned,recovery,physical_recovery_minus_physical_availability,True,nwis,0.0425850358276825,0.0425405949711176,4.444085656493679e-05,8.261158396428992e-06,8.696544725887728e-05,0.0010446693704004,0.0001960885195471,0.0020317076982505,4,2271,86,48,46,7,10000,10000,0.0,1404159753
colorado,recorded_ac,right_aligned,recovery,physical_recovery_minus_physical_availability,True,nwis,0.0425850358276825,0.0425405949711176,4.444085656493679e-05,5.726304906045719e-06,8.756418650329496e-05,0.0010446693704004,0.000134018380531,0.0020772456135253,4,2271,86,24,24,14,10000,10000,0.0,1910903915
colorado,recorded_ac,right_aligned,recovery,physical_recovery_minus_physical_availability,True,nwis,0.0425850358276825,0.0425405949711176,4.444085656493679e-05,7.045064245522934e-06,8.24626692852888e-05,0.0010446693704004,0.0001645963359122,0.0019388182080128,4,2271,86,12,12,28,10000,10000,0.0,155577661
reserve10,recorded_ac,right_aligned,recovery,physical_recovery_minus_physical_availability,True,nwis,0.0522823744270855,0.0522549699455367,2.7404481548830295e-05,-3.8043314438190696e-05,0.0001035499003623,0.0005244378013688,-0.0007586833648079,0.0018843955243895,4,2193,83,48,45,7,10000,10000,0.0,145193382
reserve10,recorded_ac,right_aligned,recovery,physical_recovery_minus_physical_availability,True,nwis,0.0522823744270855,0.0522549699455367,2.7404481548830295e-05,-2.88987801513799e-05,8.942435455665323e-05,0.0005244378013688,-0.0005749057637157,0.0016634760301128,4,2193,83,24,24,14,10000,10000,0.0,2105486958
reserve10,recorded_ac,right_aligned,recovery,physical_recovery_minus_physical_availability,True,nwis,0.0522823744270855,0.0522549699455367,2.7404481548830295e-05,-2.9128803238842593e-05,9.838470713234012e-05,0.0005244378013688,-0.0006195430746049,0.0016928208670441,4,2193,83,12,12,28,10000,10000,0.0,3346213772
nist,recorded_ac,receipt_5min,recovery,physical_recovery_minus_physical_availability,True,nwis,0.0469236948333714,0.0469095598159198,1.4135017451594178e-05,-6.388616070598547e-05,9.553761350524544e-05,0.0003013248793436,-0.001389914909273,0.0019943154201611,4,2305,76,48,47,7,10000,10000,0.0,1118819725
nist,recorded_ac,receipt_5min,recovery,physical_recovery_minus_physical_availability,True,nwis,0.0469236948333714,0.0469095598159198,1.4135017451594178e-05,-5.847192967038655e-05,9.01985160821036e-05,0.0003013248793436,-0.0012416495603751,0.0018670598329974,4,2305,76,24,24,14,10000,10000,0.0,3270146022
nist,recorded_ac,receipt_5min,recovery,physical_recovery_minus_physical_availability,True,nwis,0.0469236948333714,0.0469095598159198,1.4135017451594178e-05,-7.485799656045938e-05,0.0001102763041237,0.0003013248793436,-0.0016116062487048,0.0022278488646078,4,2305,76,12,12,28,10000,10000,0.0,328377403
colorado,recorded_ac,receipt_5min,recovery,physical_recovery_minus_physical_availability,True,nwis,0.0466799732740977,0.0466319246260326,4.8048648065047994e-05,1.290190993798908e-05,8.722879664707777e-05,0.0010303809772034,0.0002793901005922,0.0018685468407806,4,2271,86,48,46,7,10000,10000,0.0,635556823
colorado,recorded_ac,receipt_5min,recovery,physical_recovery_minus_physical_availability,True,nwis,0.0466799732740977,0.0466319246260326,4.8048648065047994e-05,1.3063552523101714e-05,8.559931212257077e-05,0.0010303809772034,0.0002748335051817,0.0018663572564905,4,2271,86,24,24,14,10000,10000,0.0,537800951
colorado,recorded_ac,receipt_5min,recovery,physical_recovery_minus_physical_availability,True,nwis,0.0466799732740977,0.0466319246260326,4.8048648065047994e-05,1.2705024217129876e-05,8.449822375267562e-05,0.0010303809772034,0.000261073761964,0.0018538122646965,4,2271,86,12,12,28,10000,10000,0.0,3609046176
reserve10,recorded_ac,receipt_5min,recovery,physical_recovery_minus_physical_availability,True,nwis,0.0520970659716186,0.0520706427173422,2.6423254276354557e-05,-3.886211068406184e-05,9.93657722727234e-05,0.0005074501273162,-0.0007695920074581,0.0018407907542012,4,2193,83,48,45,7,10000,10000,0.0,3292149311
reserve10,recorded_ac,receipt_5min,recovery,physical_recovery_minus_physical_availability,True,nwis,0.0520970659716186,0.0520706427173422,2.6423254276354557e-05,-2.7461803924296033e-05,8.857043035458526e-05,0.0005074501273162,-0.000546027248994,0.0016662742598207,4,2193,83,24,24,14,10000,10000,0.0,1608548861
reserve10,recorded_ac,receipt_5min,recovery,physical_recovery_minus_physical_availability,True,nwis,0.0520970659716186,0.0520706427173422,2.6423254276354557e-05,-1.9557710820112222e-05,8.60409490301318e-05,0.0005074501273162,-0.0004129257562222,0.0014769640669747,4,2193,83,12,12,28,10000,10000,0.0,2384233399
